time_us,centre_radiation_stress_pa,apex_dynamic_elevation_um,apex_velocity_m_s,positive_mound_volume_pl,volume_residual_fl,mechanical_energy_pj
0.0,0.0,0.0,0.0,0.0,0.0,0.0
0.09999999999999999,0.0,0.0,0.0,0.0,0.0,0.0
0.19999999999999998,0.0,0.0,0.0,0.0,0.0,0.0
0.3,0.0,0.0,0.0,0.0,0.0,0.0
0.39999999999999997,0.0,0.0,0.0,0.0,0.0,0.0
0.5,0.0,0.0,0.0,0.0,0.0,0.0
0.6,0.0,0.0,0.0,0.0,0.0,0.0
0.7,0.0,0.0,0.0,0.0,0.0,0.0
0.7999999999999999,0.0,0.0,0.0,0.0,0.0,0.0
0.8999999999999999,0.0,0.0,0.0,0.0,0.0,0.0
1.0,0.0,0.0,0.0,0.0,0.0,0.0
1.1,0.0,0.0,0.0,0.0,0.0,0.0
1.2,0.0,0.0,0.0,0.0,0.0,0.0
1.2999999999999998,0.0,0.0,0.0,0.0,0.0,0.0
1.4,0.0,0.0,0.0,0.0,0.0,0.0
1.5,0.0,0.0,0.0,0.0,0.0,0.0
1.5999999999999999,0.0,0.0,0.0,0.0,0.0,0.0
1.6999999999999997,0.0,0.0,0.0,0.0,0.0,0.0
1.7999999999999998,0.0,0.0,0.0,0.0,0.0,0.0
1.9,0.0,0.0,0.0,0.0,0.0,0.0
2.0,0.0,0.0,0.0,0.0,0.0,0.0
2.0999999999999996,0.0,0.0,0.0,0.0,0.0,0.0
2.2,0.0,0.0,0.0,0.0,0.0,0.0
2.3,0.0,0.0,0.0,0.0,0.0,0.0
2.4,0.0,0.0,0.0,0.0,0.0,0.0
2.5,0.0,0.0,0.0,0.0,0.0,0.0
2.5999999999999996,0.0,0.0,0.0,0.0,0.0,0.0
2.7,0.0,0.0,0.0,0.0,0.0,0.0
2.8,0.0,0.0,0.0,0.0,0.0,0.0
2.9,0.0,0.0,0.0,0.0,0.0,0.0
3.0,0.0,0.0,0.0,0.0,0.0,0.0
3.1,0.0,0.0,0.0,0.0,0.0,0.0
3.1999999999999997,0.0,0.0,0.0,0.0,0.0,0.0
3.3,0.0,0.0,0.0,0.0,0.0,0.0
3.3999999999999995,0.0,0.0,0.0,0.0,0.0,0.0
3.5,0.0,0.0,0.0,0.0,0.0,0.0
3.5999999999999996,0.0,0.0,0.0,0.0,0.0,0.0
3.6999999999999997,0.0,0.0,0.0,0.0,0.0,0.0
3.8,0.0,0.0,0.0,0.0,0.0,0.0
3.9,0.0,0.0,0.0,0.0,0.0,0.0
4.0,0.0,0.0,0.0,0.0,0.0,0.0
4.1,0.0,0.0,0.0,0.0,0.0,0.0
4.199999999999999,0.0,0.0,0.0,0.0,0.0,0.0
4.3,0.0,0.0,0.0,0.0,0.0,0.0
4.4,0.0,0.0,0.0,0.0,0.0,0.0
4.5,0.0,0.0,0.0,0.0,0.0,0.0
4.6,0.0,0.0,0.0,0.0,0.0,0.0
4.7,0.0,0.0,0.0,0.0,0.0,0.0
4.8,0.0,0.0,0.0,0.0,0.0,0.0
4.8999999999999995,0.0,0.0,0.0,0.0,0.0,0.0
5.0,0.0,0.0,0.0,0.0,0.0,0.0
5.1,3.1096310116549053,6.598126038322427e-08,1.3196252076644847e-06,3.956571365584059e-06,4.523832410677512e-19,4.045458393478834e-09
5.199999999999999,40.705598404917026,1.1276192751830368e-06,1.991313508833176e-05,6.761785687277331e-05,1.0487905343938069e-17,9.211880674671069e-07
5.3,146.08646520741414,7.0821771864002525e-06,9.917802313601255e-05,0.00042468474961149824,5.790505485667215e-17,2.2851014295444086e-05
5.4,279.00032206451647,2.6018744396171515e-05,0.00027955332105941266,0.0015602260522019483,2.316202194266886e-16,0.00018155661262401048
5.5,341.0196485007304,6.712740435659748e-05,0.0005426198781491072,0.0040253415476739,1.030473629286084e-15,0.0006840467032899263
5.6,341.0196485007304,0.0001358563327092358,0.0008319586889036571,0.008146758298451417,1.0210197427788722e-15,0.0016080995445605574
5.699999999999999,341.0196485007304,0.00023351656700794783,0.0011212459970705842,0.014003126029486133,1.2100974729231079e-15,0.0029209787963258927
5.8,341.0196485007304,0.00036010294957772586,0.0014104816543249756,0.02159417012931351,-8.319420126346366e-16,0.004622528124327873
5.8999999999999995,341.0196485007304,0.0005156103078650643,0.0016996655114217968,0.030919614905627522,-2.7227193140769924e-15,0.006712591066212881
6.0,341.0196485007304,0.0007000334543457901,0.0019887974181927127,0.04197918358639037,-1.0588352888077193e-15,0.009191011031967709
6.1,341.0196485007304,0.0009133671864325753,0.002277877223542999,0.05477259832094501,-1.5126218411538848e-15,0.01205763130435518
6.2,341.0196485007304,0.0011556062863821537,0.0025669047754485713,0.06929958018113047,1.7092626805038896e-14,0.015312295039349404
6.3,341.0196485007304,0.001426745521202237,0.002855879920953107,0.08555984916239974,6.3530117328463166e-15,0.018954845266570694
6.3999999999999995,341.0196485007304,0.0017267796425581578,0.0031448025061652915,0.10355312418494025,1.2706023465692633e-14,0.022985124889720095
6.5,341.0196485007304,0.0020557033866792293,0.0034336723762561413,0.12327912309479705,8.773206678692531e-15,0.027402976687013605
6.6,341.0196485007304,0.002413511474264859,0.003722489375456459,0.14473756266499804,1.3613596570384963e-14,0.03220824331161593
6.699999999999999,341.0196485007304,0.0028001986103904004,0.004011253347054369,0.16792815859668203,2.1176705776154386e-14,0.03740076729207404
6.799999999999999,341.0196485007304,0.003215759484412769,0.004299964133392986,0.19285062552022875,9.680779783384863e-15,0.042980391032750156
6.9,341.0196485007304,0.0036601887698758245,0.004588621575868148,0.21950467699639098,5.142914259923208e-14,0.048946956814254594
7.0,341.0196485007304,0.004133481124415545,0.00487722551492629,0.2478900255174295,-1.9361559566769726e-14,0.05530030679387799
7.1,341.0196485007304,0.004635631189664981,0.005165775790062398,0.27800638250824916,2.1176705776154386e-14,0.062040283006023426
7.199999999999999,341.0196485007304,0.005166633591159004,0.0054542722398180695,0.3098534583275376,1.5731267148000402e-14,0.06916672736263789
7.3,341.0196485007304,0.005726482938238892,0.00574271470177969,0.34343096226890557,3.630292418769323e-14,0.0766794816536437
7.3999999999999995,341.0196485007304,0.0063151738239567105,0.0060311030125766866,0.3787386025620296,7.623614079415579e-14,0.0845783875473692
7.499999999999999,341.0196485007304,0.0069327008249795395,0.006319437007879917,0.41577608637379543,1.8151462093846616e-14,0.09286328659097935
7.6,341.0196485007304,0.007579058501493541,0.006607716522400124,0.45454311980944456,4.1143314079385665e-14,0.10153402021090575
7.699999999999999,341.0196485007304,0.008254241397107875,0.006895941389886506,0.49503940791372103,1.1495925992769523e-13,0.11059042971327647
7.8,341.0196485007304,0.008958244038758473,0.007184111443125412,0.5372646546720202,3.02524368230777e-14,0.12003235628434533
7.899999999999999,341.0196485007304,0.009691060936611694,0.007472226513939108,0.5812185630115407,9.801789530677173e-14,0.12985964099092082
8.0,341.0196485007304,0.010452686583967878,0.007760286433184624,0.6269008348024342,-3.630292418769323e-14,0.1400721247807948
8.1,341.0196485007304,0.011243115457164748,0.008048291030752767,0.6743111708589599,9.680779783384863e-14,0.15066964848317055
8.2,341.0196485007304,0.01206234201548075,0.008336240135567167,0.7234492709406389,8.470682310461754e-14,0.1616520528090907
8.3,341.0196485007304,0.012910360701038279,0.008624133575583486,0.7743148337534096,9.196740794215619e-14,0.17301917835186453
8.399999999999999,341.0196485007304,0.013787165938706884,0.00891197117778862,0.8269075569507844,1.5005208664246535e-13,0.18477086558749503
8.5,341.0196485007304,0.014692752136006324,0.009199752768200162,0.8812271371350093,1.7909442599261997e-13,0.19690695487510548
8.6,341.0196485007304,0.015627113683009616,0.00948747817186578,0.9372732698582193,-1.9361559566769726e-14,0.20942728645736586
8.7,341.0196485007304,0.016590244952246053,0.009775147212862847,0.9950456496236022,1.5247228158831158e-13,0.2223317004609184
8.8,341.0196485007304,0.017582140298604106,0.010062759714298068,1.0545439698865555,1.4521169675077295e-14,0.23562003689680316
8.9,341.0196485007304,0.018602794059234366,0.010350315498307252,1.115767923055852,2.347589097470829e-13,0.24929213566088326
9.0,341.0196485007304,0.019652200553452483,0.010637814386055173,1.1787172004947974,1.0164818772554107e-13,0.26334783653426913
9.1,341.0196485007304,0.02073035408264201,0.010925256197735498,1.2433914925223977,1.694136462092351e-13,0.27778697918374284
9.2,341.0196485007304,0.021837248930157347,0.011212640752570863,1.3097904884145186,1.3069052707569564e-13,0.29260940316218237
9.299999999999999,341.0196485007304,0.02297287936122653,0.011499967868812995,1.3779138764050527,9.680779783384863e-14,0.3078149479089843
9.4,341.0196485007304,0.024137239622854332,0.011787237363742964,1.447761343687082,1.210097472923108e-13,0.32340345275048743
9.499999999999998,341.0196485007304,0.02533032394372505,0.012074449053671483,1.5193325764140417,-1.1132896750892591e-13,0.33937475690039504
9.6,341.0196485007304,0.0265521265341056,0.012361602753939369,1.5926272597008906,4.356350902523188e-14,0.35572869946019725
9.700000000000001,341.0196485007304,0.02780264158574846,0.012648698278918038,1.6676450776252687,1.0648857761723348e-13,0.37246511941959287
9.799999999999999,341.0196485007304,0.02908186327179487,0.01293573544201013,1.7443857132286689,1.1132896750892591e-13,0.38958385565691034
9.9,341.0196485007304,0.030389785746677903,0.013222714055650182,1.8228488485176,1.9845598555938965e-13,0.4070847469395294
10.0,341.0196485007304,0.031726403146025664,0.013509633931305458,1.9030341644647522,1.1616935740061836e-13,0.4249676319243011
10.1,341.0196485007304,0.03309170958656477,0.01379649487947681,1.9849413410101655,5.808467870030918e-14,0.44323234915796794
10.2,341.0196485007304,0.03448569916602362,0.014083296709699666,2.068570057062393,2.952637833932383e-13,0.46187873707758376
10.299999999999999,341.0196485007304,0.03590836596303585,0.014370039230545101,2.1539199904996638,3.388272924184702e-14,0.480906634010933
10.399999999999999,341.0196485007304,0.03735970403704414,0.014656722249620953,2.2409908181710567,2.46859884476314e-13,0.5003158781769496
10.5,341.0196485007304,0.03883970742820387,0.014943345573573128,2.329782215897655,-2.0813676534277453e-13,0.5201063076861352
10.6,341.0196485007304,0.04034837015728688,0.015229909008086906,2.420293858473721,1.9361559566769726e-14,0.5402777605409775
10.7,341.0196485007304,0.04188568622558561,0.015516412357888337,2.512525419667852,1.3553091696738807e-13,0.5608300746363677
10.8,341.0196485007304,0.04345164961481733,0.015802855426745806,2.60647657222415,1.4521169675077293e-13,0.5817630877600175
10.899999999999999,341.0196485007304,0.04504625428702819,0.016089238017471575,2.7021469878633813,-1.548924765341578e-13,0.6030766375928761
11.0,341.0196485007304,0.046669494184497944,0.01637555993192351,2.799536337284144,1.3553091696738807e-13,0.6247705617095464
11.099999999999998,341.0196485007304,0.048321363229644476,0.01666182097100683,2.898644290164025,4.3563509025231883e-13,0.6468446975787007
11.2,341.0196485007304,0.050001855324928596,0.016948020934675973,2.999470515160764,4.259543104689339e-13,0.6692988825634967
11.3,341.0196485007304,0.051710964352759244,0.017234159621936477,3.1020146799134167,2.420194945846216e-13,0.6921329539219918
11.399999999999999,341.0196485007304,0.0534486841753984,0.017520236830847136,3.2062764510435096,3.1946573285170047e-13,0.715346748807558
11.5,341.0196485007304,0.055215008634866856,0.01780625235852197,3.312255494156204,1.0648857761723348e-13,0.7389401042692961
11.6,341.0196485007304,0.057009931552849585,0.018092206001132517,3.419951473841451,4.93719768952628e-13,0.7629128572524497
11.7,341.0196485007304,0.05883344673060173,0.018378097553910032,3.52936405367515,5.61485227436322e-13,0.7872648445988175
11.799999999999999,341.0196485007304,0.0606855479488546,0.01866392681114791,3.640492896220305,-1.7425403610092752e-13,0.8119959030471673
11.9,341.0196485007304,0.06256622896772224,0.01894969356620406,3.7533376630281823,8.906317400714073e-13,0.8371058692336473
12.0,341.0196485007304,0.0644754835266076,0.019235397611503485,3.8678980146394566,1.0164818772554105e-12,0.862594579692199
12.1,341.0196485007304,0.0664133053441098,0.019521038738540848,3.984173610585374,9.487164187717165e-13,0.8884618708549679
12.2,341.0196485007304,0.06837968811793099,0.019806616737883163,4.1021641093888945,4.840389891692432e-13,0.9147075790527152
12.299999999999999,341.0196485007304,0.07037462552478378,0.020092131399172528,4.221869168565852,-9.680779783384863e-15,0.941331540515228
12.4,341.0196485007304,0.07239811122029886,0.020377582511129012,4.343288444626088,7.74462382670789e-14,0.9683335913717294
12.499999999999998,341.0196485007304,0.07445013883893303,0.020662969861553523,4.466421593074619,2.613810541513913e-13,0.9957135676512883
12.6,341.0196485007304,0.07653070199387722,0.020948293237330842,4.591268268412765,1.0455242166055651e-12,1.0234713052832294
12.7,341.0196485007304,0.07863979427696541,0.02123355242443264,4.717828124139301,4.646774296024734e-13,1.0516066400975406
12.799999999999999,341.0196485007304,0.08077740925858305,0.02151874720792069,4.846100812751603,4.0659275090216426e-13,1.0801194078252818
12.9,341.0196485007304,0.08294354048757661,0.02180387737195004,4.976085985746785,-3.872311913353945e-14,1.1090094440989944
13.0,341.0196485007304,0.0851381814911627,0.022088942699772306,5.107783293622838,8.131855018043285e-13,1.138276584453106
13.1,341.0196485007304,0.0873613257748383,0.02237394297373909,5.241192385879766,6.582930252701706e-13,1.1679206643243394
13.2,341.0196485007304,0.08961296682229052,0.022658877975305372,5.376312911020732,1.9361559566769726e-14,1.1979415190521188
13.299999999999999,341.0196485007304,0.09189309809530744,0.02294374748503305,5.513144516553182,2.9042339350154585e-13,1.228338983878975
13.399999999999999,341.0196485007304,0.09420171303368881,0.023228551282594566,5.651686848989977,1.9361559566769726e-14,1.2591128939509517
13.5,341.0196485007304,0.09653880505515738,0.02351328914677648,5.791939553850536,8.131855018043285e-13,1.290263084318011
13.599999999999998,341.0196485007304,0.09890436755527036,0.0237979608554833,5.933902275661942,2.1297715523446696e-13,1.321789389934437
13.7,341.0196485007304,0.10129839390733157,0.02408256618574121,6.077574657960094,1.0068010974720257e-12,1.3536916456592412
13.8,341.0196485007304,0.10372087746230371,0.024367104913701976,6.222956343290809,4.259543104689339e-13,1.3859696862565651
13.899999999999999,341.0196485007304,0.10617181154872117,0.02465157681464688,6.3700469732109655,2.5170027436800643e-13,1.4186233463960845
14.0,341.0196485007304,0.10865118947260306,0.024935981662990783,6.518846188289599,8.131855018043285e-13,1.4516524606534122
14.1,341.0196485007304,0.11115900451736695,0.025220319232286077,6.669353628109039,1.3940322888074201e-12,1.4850568635104993
14.2,341.0196485007304,0.11369524994374253,0.025504589295226976,6.821568931266016,4.259543104689339e-13,1.518836389356038
14.299999999999999,341.0196485007304,0.11625991898968657,0.02578879162365362,6.9754917353727794,-2.323387148012367e-13,1.5529908724858632
14.399999999999999,341.0196485007304,0.11885300487029711,0.026072925988556414,7.1311216770582035,9.87439537905256e-13,1.587520147103353
14.5,341.0196485007304,0.12147450077772894,0.026356992160080372,7.288458391968897,6.582930252701706e-13,1.6224240473198288
14.6,341.0196485007304,0.12412439988110932,0.026640989907529448,7.447501514770311,2.323387148012367e-13,1.6577024071549562
14.7,341.0196485007304,0.12680269532645447,0.026924918999371113,7.60825067914784,-9.680779783384863e-14,1.693355060537144
14.799999999999999,341.0196485007304,0.12950938023658504,0.027208779203240826,7.770705517807927,3.872311913353945e-13,1.729381841303943
14.9,341.0196485007304,0.1322444477110444,0.027492570285946642,7.934865662479152,1.0842473357391046e-12,1.765782583202445
14.999999999999998,341.0196485007304,0.13500789082601541,0.02777629201347387,8.10073074391334,8.131855018043285e-13,1.8025571198896808
15.1,341.0196485007304,0.1377997026342386,0.02805994415098982,8.26830039188665,7.357392635372495e-13,1.839705284933017
15.2,341.0196485007304,0.1406198761649305,0.028343526462848517,8.43757423520066,1.5682863249083476e-12,1.8772269118105553
15.299999999999999,341.0196485007304,0.1434684044237028,0.028627038712595653,8.60855190168346,2.1491331119114395e-12,1.9151218339115268
15.399999999999999,341.0196485007304,0.14634528039248118,0.028910480662973345,8.781233018190735,1.064885776172335e-12,1.9533898845366888
15.5,341.0196485007304,0.14925049702942614,0.029193852075925227,8.955617210606846,1.7425403610092753e-12,1.9920308968987201
15.6,341.0196485007304,0.15218404726885237,0.029477152712601356,9.131704103845916,1.3553091696738807e-12,2.0310447041226194
15.7,341.0196485007304,0.1551459240211507,0.029760382333363346,9.309493321852893,-3.291465126350853e-13,2.070431139246093
15.799999999999997,341.0196485007304,0.1581361201727083,0.030043540697789518,9.488984487604638,9.09993299638177e-13,2.1101900352199583
15.9,341.0196485007304,0.16115462858583177,0.03032662756467999,9.67017722311099,1.548924765341578e-13,2.1503212249085277
16.0,341.0196485007304,0.16420144209866883,0.03060964269206203,9.853071149415822,1.3940322888074201e-12,2.1908245410900125
16.099999999999998,341.0196485007304,0.16727655352513182,0.030892585837195247,10.03766588659813,1.3165860505403413e-12,2.2316998164569033
16.2,341.0196485007304,0.17037995565482042,0.031175456756577003,10.223961053773065,1.6650941227421963e-12,2.272946883616374
16.3,341.0196485007304,0.1735116412529466,0.03145825520594779,10.411956269093011,-1.0068010974720257e-12,2.3145655750906653
16.4,341.0196485007304,0.1766716030602589,0.03174098094029671,10.60165114974865,2.0136021949440514e-12,2.35655572331748
16.499999999999996,341.0196485007304,0.17985983379296708,0.03202363371386689,10.79304531196997,5.034005487360129e-13,2.3989171606503734
16.6,341.0196485007304,0.18307632614266847,0.03230621328016117,10.986138371027371,1.3165860505403413e-12,2.441649719359141
16.7,341.0196485007304,0.1863210727762739,0.03258871939194754,11.180929941232662,3.097849530683156e-12,2.484753231630212
16.799999999999997,341.0196485007304,0.1895940663359346,0.03287115180126501,11.377419635940132,1.2778629314068019e-12,2.5282275295670362
16.900000000000002,341.0196485007304,0.19289529943896927,0.03315351025942904,11.575607067547583,1.7812634801428145e-12,2.572072445190473
17.0,341.0196485007304,0.19622476467779257,0.03343579451703757,11.775491847497351,1.2391398122732624e-12,2.61628781043918
17.099999999999998,341.0196485007304,0.19958245461984328,0.033718004323976584,11.97707358627736,-1.548924765341578e-13,2.660873457170001
17.2,341.0196485007304,0.20296836180751343,0.03400013942942606,12.180351893422145,2.168494671478209e-12,2.705829217158352
17.3,341.0196485007304,0.20638247875807797,0.03428219958186593,12.385326377513852,1.626371003608657e-12,2.7511549220986096
17.4,341.0196485007304,0.20982479796362533,0.0345641845290818,12.591996646183304,8.906317400714073e-13,2.7968504036044965
17.5,341.0196485007304,0.21329531189098802,0.034846094018171146,12.800362306110983,1.7425403610092753e-12,2.842915493209468
17.6,341.0196485007304,0.21679401298167414,0.0351279277955492,13.010422963028063,8.519086209378678e-13,2.889350022367095
17.7,341.0196485007304,0.22032089365179933,0.03540968560695508,13.222192136674133,2.8655108158819195e-12,2.936153822451451
17.8,341.0196485007304,0.2238759462920199,0.03569136719745783,13.435664986096269,-1.9361559566769725e-13,2.9833267247574953
17.9,341.0196485007304,0.22745916326746596,0.03597297231146271,13.650832433910303,3.0204032924160768e-12,3.030868560501458
18.0,341.0196485007304,0.23107053691767498,0.03625450069271711,13.867694092912656,1.548924765341578e-13,3.0787791608212207
18.099999999999998,341.0196485007304,0.23471005955652668,0.036535952084317105,14.086249574980414,6.970161444037101e-13,3.1270583567767
18.2,341.0196485007304,0.23837772347217823,0.03681732622871349,14.306498491072139,1.5102016462080384e-12,3.175705979350233
18.299999999999997,341.0196485007304,0.24207352092699974,0.03709862286771816,14.528440451228777,-1.2391398122732624e-12,3.2247218594469538
18.4,341.0196485007304,0.24579744415751115,0.03737984174251053,14.752075064574496,-4.646774296024734e-13,3.274105827895177
18.5,341.0196485007304,0.2495494853743189,0.03766098259364365,14.977401939317522,1.548924765341578e-12,3.3238577154467794
18.599999999999998,341.0196485007304,0.25332963676205356,0.03794204516105103,15.204420682751042,1.4327554079409597e-12,3.3739773527775796
18.7,341.0196485007304,0.2571378904793088,0.03822302918405271,15.433130901254007,2.594448981947143e-12,3.4244645704877157
18.8,341.0196485007304,0.26097423865857944,0.038503934401362024,15.663532200292005,3.4463576028850114e-12,3.475319199102024
18.9,341.0196485007304,0.26483867340620204,0.03878476055109186,15.8956241844181,2.168494671478209e-12,3.526541069070423
18.999999999999996,341.0196485007304,0.26873118680229496,0.0390655073707615,16.12940645727367,-1.7812634801428145e-12,3.5781300107682856
19.1,341.0196485007304,0.27265177090069825,0.03934617459730299,16.364878621589252,1.5102016462080384e-12,3.6300858544968184
19.2,341.0196485007304,0.2766004177289168,0.03962676196706785,16.602040279185385,3.097849530683156e-12,3.6824084304834384
19.299999999999997,341.0196485007304,0.2805771192880618,0.03990726921583371,16.840891030973406,-1.2004166931397228e-12,3.735097568882151
19.400000000000002,341.0196485007304,0.28458186755279397,0.04018769607881097,17.081430476956342,3.794865675086866e-12,3.788153099773925
19.5,341.0196485007304,0.28861465447126705,0.04046804229064955,17.323658216229674,-3.872311913353945e-14,3.8415748531670655
19.599999999999998,279.0003220645184,0.29267415601687363,0.04072198862148466,17.56749495037754,4.530604938624116e-12,3.8903637115753407
19.7,146.0864652074175,0.29675491220745664,0.04089313519017564,17.812613411929235,1.3940322888074201e-12,3.923663352999673
19.8,40.70559840491762,0.30084772372553253,0.04096309517134003,18.05846213746925,1.1616935740061834e-12,3.937759470840366
19.9,3.1096310116551065,0.30494449528561685,0.04097233603034849,18.304555842446913,2.3621102671459064e-12,3.9402769987566697
20.0,0.0,0.30904132553194286,0.04096426889616916,18.550660675120085,3.872311913353945e-14,3.9394943202761445
20.1,0.0,0.31313728153619336,0.040954851188841394,18.796720748633117,6.582930252701706e-13,3.93846003373084
20.2,0.0,0.31723229422793237,0.04094540264593734,19.042731967543975,1.3553091696738807e-12,3.9374263108930174
20.299999999999997,0.0,0.32132636051759633,0.04093592314734346,19.288694193000772,6.1182528230992336e-12,3.9363931532811987
20.4,0.0,0.32541947730363213,0.04092641257337148,19.53460728628585,2.4008333862794456e-12,3.9353605624106756
20.5,0.0,0.32951164147253914,0.040916870804768316,19.780471108815682,3.097849530683156e-12,3.934328539793512
20.599999999999998,0.0,0.33360284989891387,0.04090729772272615,20.026285522140643,2.478279624546525e-12,3.93329708693853
20.7,0.0,0.3376930994454948,0.04089769320889215,20.272050387944937,1.2391398122732624e-12,3.932266205351314
20.799999999999997,0.0,0.34178238696320823,0.040888057145378326,20.51776556804639,-4.646774296024734e-13,3.9312358965341954
20.9,0.0,0.34587070929121577,0.04087838941477128,20.76343092439631,2.0910484332111303e-12,3.9302061619862565
21.0,0.0,0.34995806325696127,0.04086868990014169,21.00904631907932,3.7174194368197875e-12,3.9291770032033164
21.099999999999998,0.0,0.3540444456762212,0.040858958485053866,21.254611614313166,7.74462382670789e-13,3.9281484216779354
21.2,0.0,0.35812985335315256,0.04084919505357525,21.500126672448552,6.195699061366312e-13,3.9271204188994044
21.3,0.0,0.3622142830803456,0.040839399490285734,21.745591355968966,2.8655108158819195e-12,3.9260929963537374
21.4,0.0,0.36629773163887436,0.04082957168028691,21.991005527490465,2.323387148012367e-12,3.925066155523671
21.499999999999996,0.0,0.37038019579834924,0.0408197115092112,22.236369049761517,2.0910484332111303e-12,3.924039897888659
21.6,0.0,0.37446167231697125,0.04080981886323111,22.481681785662772,5.885914108297996e-12,3.9230142249248643
21.7,0.0,0.37854215794158624,0.040799893629068,22.726943598206862,5.1114517256272075e-12,3.921989138105154
21.799999999999997,0.0,0.38262164940773974,0.040789935694001224,22.97215435053823,-1.548924765341578e-13,3.920964638899101
21.900000000000002,0.0,0.3867001434397337,0.04077994494587677,23.21731390593288,1.2391398122732624e-12,3.9199407287729713
22.0,0.0,0.3907776367506833,0.04076992127311616,23.462422127798153,-3.097849530683156e-13,3.9189174091897194
22.099999999999998,0.0,0.39485412604257525,0.04075986456472497,23.707478879672543,-7.74462382670789e-13,3.9178946816089906
22.199999999999996,0.0,0.39892960800632654,0.040749774710301466,23.952484025225463,5.188897963894286e-12,3.9168725474871064
22.3,0.0,0.4030040793218439,0.040739651600045,24.197437428256954,2.8655108158819195e-12,3.9158510082770692
22.4,0.0,0.40707753665808444,0.040729495124764474,24.442338952697547,4.104650628155181e-12,3.914830065428548
22.499999999999996,0.0,0.41114997667311703,0.040719305175886594,24.68718846260795,-1.1616935740061834e-12,3.9138097203878806
22.6,0.0,0.41522139601418456,0.04070908164546406,24.93198582217884,4.646774296024734e-13,3.912789974598066
22.7,0.0,0.4192917913177668,0.040698824426183576,25.176730895730593,2.323387148012367e-13,3.9117708294987596
22.799999999999997,0.0,0.4233611592096448,0.0406885334113742,25.421423547713044,1.0842473357391046e-12,3.910752286526269
22.9,0.0,0.42742949630496435,0.040678208495014787,25.66606364270522,2.323387148012367e-12,3.909734347113549
23.0,0.0,0.43149679920830203,0.0406678495717422,25.910651045415115,7.822070064974969e-12,3.9087170126901962
23.099999999999998,0.0,0.4355630645137322,0.04065745653685895,26.155185620679358,6.582930252701707e-12,3.9077002846824453
23.2,0.0,0.439628288804892,0.04064702928634069,26.39966723346301,5.034005487360128e-12,3.9066841645131647
23.3,0.0,0.4436924686550514,0.04063656771684401,26.64409574885924,2.6331721010806826e-12,3.9056686536018503
23.4,0.0,0.4477556006271792,0.04062607172571375,26.888471032089093,4.95655924909305e-12,3.9046537533646206
23.5,0.0,0.4518176812740144,0.040615541210990466,27.13279294850117,1.0068010974720257e-12,3.9036394652142135
23.599999999999998,0.0,0.4558787071381349,0.040604976071417526,27.37706136357137,3.097849530683156e-13,3.9026257905599824
23.7,0.0,0.45993867475202815,0.04059437620644855,27.621276142902587,4.801666772558891e-12,3.9016127308078907
23.8,0.0,0.4639975806381632,0.040583741516254296,27.865437152224402,2.478279624546525e-12,3.9006002873605032
23.9,0.0,0.4680554213090625,0.04057307190172979,28.109544257392844,5.498682916962602e-12,3.8995884616169882
24.0,0.0,0.4721121932673741,0.04056236726450113,28.353597324390023,7.357392635372495e-12,3.8985772549731084
24.1,0.0,0.4761678930059459,0.04055162750693242,28.597596219323844,2.478279624546525e-12,3.897566668821221
24.2,0.0,0.4802225170078988,0.04054085253213231,28.841540808427755,5.498682916962602e-12,3.8965567045502643
24.299999999999997,0.0,0.4842760617467036,0.040530042243960805,29.08543095806035,3.639973198552708e-12,3.8955473635457643
24.4,0.0,0.48832852368625324,0.04051919654703567,29.329266534705113,7.74462382670789e-14,3.894538647189822
24.5,0.0,0.49237989928094217,0.040508315346738925,29.573047404970083,4.25954310468934e-12,3.8935305568611125
24.599999999999998,0.0,0.4964301849757404,0.0404973985492231,29.816773435587546,1.471478527074499e-12,3.8925230939348787
24.699999999999996,0.0,0.5004793772062722,0.04048644606141773,30.060444493413687,3.252742007217314e-12,3.8915162597829287
24.8,0.0,0.5045274723988948,0.04047545779103507,30.304060445428274,2.168494671478209e-12,3.890510055773632
24.9,0.0,0.5085744669707756,0.04046443364657657,30.547621158734337,6.195699061366312e-13,3.88950448327191
24.999999999999996,0.0,0.5126203573299712,0.04045337353733867,30.791126500557834,3.872311913353945e-13,3.8884995436392384
25.1,0.0,0.5166651398755091,0.040442277373418545,31.034576338247305,5.188897963894286e-12,3.8874952382336376
25.2,0.0,0.5207088109974661,0.04043114506572019,31.277970539273493,3.562526960285629e-12,3.8864915684096717
25.299999999999997,0.0,0.5247513670770501,0.04041997652595976,31.52130897122911,6.970161444037101e-13,3.885488535518441
25.4,0.0,0.5287928044866816,0.040408771666671325,31.76459150182838,9.216102353782389e-12,3.884486140907582
25.5,0.0,0.5328331195900758,0.04039753040121234,32.00781799890675,-8.519086209378678e-13,3.8834843859212587
25.599999999999998,0.0,0.5368723087423249,0.04038625264376913,32.25098833042053,9.603333545117783e-12,3.8824832719001603
25.7,0.0,0.5409103682899815,0.04037493830936201,32.494102364446505,2.6331721010806826e-12,3.8814828001814985
25.8,0.0,0.544947294571142,0.04036358731385048,32.73715996918164,-7.74462382670789e-14,3.880482972098998
25.9,0.0,0.5489830839155315,0.0403521995739386,32.98016101294267,6.2731452996333905e-12,3.879483788982901
26.0,0.0,0.5530177326445874,0.04034077500717974,33.22310536416577,-1.471478527074499e-12,3.8784852521599498
26.099999999999998,0.0,0.5570512370715456,0.040329313531981534,33.46599289140616,3.0204032924160768e-12,3.877487362953396
26.2,0.0,0.5610835935015254,0.04031781506761089,33.70882346333775,-8.519086209378678e-13,3.876490122682992
26.299999999999997,0.0,0.5651147982316158,0.040306279534198505,33.9515969487528,6.970161444037101e-12,3.875493532664981
26.4,0.0,0.5691448475509627,0.040294706852743556,34.194313216561504,1.0842473357391046e-12,3.874497594212101
26.5,0.0,0.5731737377408558,0.04028309694511827,34.436972135791635,7.434838873639575e-12,3.8735023086335727
26.599999999999998,0.0,0.5772014650748151,0.040271449734072484,34.679573575588186,2.478279624546525e-12,3.872507677235103
26.7,0.0,0.581228025818681,0.04025976514323775,34.922117405212965,2.478279624546525e-12,3.8715137013188765
26.799999999999997,0.0,0.5852534162306995,0.04024804309713175,35.164603494044236,5.266344202161365e-12,3.8705203821835523
26.9,0.0,0.5892776325616138,0.040236283521162465,35.407031711576295,2.323387148012367e-12,3.8695277211242596
27.0,0.0,0.5933006710547536,0.040224486341632185,35.64944316379014,5.343790440428444e-12,3.868535719432594
27.099999999999998,0.0,0.5973225279461224,0.040212651485741505,35.891818179428824,2.0136021949440514e-12,3.8675443783966132
27.199999999999996,0.0,0.6013431994644891,0.04020077888159322,36.13413599881158,5.034005487360128e-12,3.8665536993008325
27.3,0.0,0.6053626818314787,0.04018886845819611,36.37639649514629,1.2391398122732624e-11,3.8655636834262217
27.4,0.0,0.6093809712616617,0.04017692014546858,36.61859954175376,5.5761291552296805e-12,3.8645743320501995
27.499999999999996,0.0,0.6133980639626471,0.04016493387424236,36.86074501206729,9.293548592049469e-13,3.8635856464466336
27.6,0.0,0.6174139561351731,0.04015290957626594,37.102832779632195,3.4850807220185506e-12,3.862597627885831
27.7,0.0,0.6214286439731967,0.04014084718420798,37.344862718105325,-2.0910484332111303e-12,3.8616102776345347
27.799999999999997,0.0,0.6254421236639899,0.04012874663166066,37.586834701254645,1.8587097184098938e-12,3.860623596955925
27.9,0.0,0.6294543913882303,0.04011660785314295,37.82874860295881,1.2159059407931387e-11,3.859637587109614
28.0,0.0,0.6334654433200925,0.04010443078410363,38.07060429720659,4.414435581223497e-12,3.858652249351632
28.099999999999998,0.0,0.637475275627344,0.04009221536092441,38.312401658096555,5.1114517256272075e-12,3.85766758493444
28.2,0.0,0.6414838844714362,0.04007996152092292,38.5541405598365,0.0,3.8566835951069116
28.3,0.0,0.6454912660076,0.04006766920235546,38.795820876743036,9.835672259919021e-12,3.855700281114337
28.4,0.0,0.6494974163849392,0.04005533834441985,39.0374424832411,2.245940909745288e-12,3.8547176441984132
28.499999999999996,0.0,0.6535023317465227,0.040042968887258036,39.27900525386356,4.104650628155181e-12,3.8537356855972473
28.599999999999998,0.0,0.6575060082294832,0.04003056077195886,39.52050906325061,1.471478527074499e-12,3.8527544065453494
28.7,0.0,0.6615084419651096,0.04001811394056026,39.76195378614942,4.95655924909305e-12,3.851773808273625
28.799999999999997,0.0,0.66550962907894,0.04000562833605187,40.00333929741365,-9.293548592049469e-13,3.8507938920093765
28.9,0.0,0.6695095656908616,0.03999310390237733,40.244665472002936,2.168494671478209e-12,3.8498146589762947
29.0,0.0,0.6735082479152025,0.039980540584436404,40.48593218498245,5.266344202161365e-12,3.8488361103944606
29.099999999999998,0.0,0.6775056718608283,0.039967938328087184,40.72713931152243,1.3165860505403413e-11,3.847858247480338
29.2,0.0,0.6815018336312402,0.0399552970801482,40.968286726897674,8.054408779776206e-12,3.8468810714467665
29.299999999999997,0.0,0.6854967293246679,0.039942616788400165,41.20937430648711,3.4076344837514714e-12,3.845904583502967
29.4,0.0,0.6894903550341672,0.03992989740158804,41.45040192577331,3.4076344837514714e-12,3.844928784854529
29.5,0.0,0.6934827068477181,0.03991713886942271,41.69136946034201,3.7174194368197875e-12,3.843953676703409
29.599999999999998,0.0,0.697473780848318,0.03990434114258274,41.93227678588162,3.7174194368197875e-12,3.842979260247931
29.7,0.0,0.7014635731140829,0.039891504172715794,42.17312377818278,1.2391398122732624e-11,3.8420055366827772
29.8,0.0,0.7054520797183409,0.0398786279124404,42.41391031313783,8.983763638981152e-12,3.8410325071989897
29.9,0.0,0.7094392967297302,0.03986571231534715,42.65463626674043,2.942957054148998e-12,3.8400601729839603
29.999999999999996,0.0,0.7134252202122975,0.03985275733600024,42.89530151508501,6.195699061366312e-13,3.8390885352214323
30.1,0.0,0.7174098462255944,0.03983976292993848,43.13590593436625,6.350591537900469e-12,3.838117595091498
30.2,0.0,0.7213931708247752,0.03982672905367666,43.37644940087873,0.0,3.837147353770585
30.299999999999997,0.0,0.7253751900606943,0.03981365566470648,43.616931791016356,1.053268840432273e-11,3.836177812431466
30.4,0.0,0.7293558999800048,0.03980054272149765,43.85735298127189,3.562526960285629e-12,3.835208972243245
30.5,0.0,0.7333352966252547,0.039787390183498694,44.09771284823651,6.505484014434628e-12,3.8342408343713594
30.599999999999998,0.0,0.7373133760349863,0.0397741980111378,44.33801126859935,9.603333545117783e-12,3.8332733999775757
30.7,0.0,0.7412901342438344,0.03976096616582365,44.578248119146906,1.3940322888074201e-12,3.832306670219981
30.799999999999997,0.0,0.7452655672826229,0.039747694609945886,44.81842327676269,3.4076344837514714e-12,3.8313406462529853
30.9,0.0,0.7492396711784637,0.039734383306875794,45.058536618426714,9.448441068583626e-12,3.830375329227316
31.0,0.0,0.7532124419548557,0.03972103222096679,45.298588021214954,3.097849530683156e-13,3.8294107202900154
31.099999999999998,0.0,0.7571838756317818,0.039707641317554686,45.53857736229897,6.350591537900469e-12,3.828446820584433
31.2,0.0,0.7611539682258074,0.0396942105629582,45.77850451894533,7.74462382670789e-12,3.8274836312502254
31.3,0.0,0.7651227157501793,0.03968073992447904,46.01836936851522,5.1114517256272075e-12,3.8265211534233545
31.4,0.0,0.7690901142149232,0.039667229370402055,46.25817178846391,6.660376490968785e-12,3.825559388236082
31.5,0.0,0.7730561596269432,0.03965367886999539,46.497911656340314,8.364193732844521e-12,3.8245983368169645
31.599999999999994,0.0,0.7770208479901185,0.03964008839351041,46.73758884978647,5.731021631763839e-12,3.8236380002908517
31.7,0.0,0.7809841753054029,0.039626457912181556,46.977203246537144,5.5761291552296805e-12,3.822678379778883
31.8,0.0,0.7849461375709237,0.0396127873982263,47.21675472441927,4.95655924909305e-12,3.8217194763984836
31.899999999999995,0.0,0.788906730782077,0.039599076824844766,47.45624316135152,5.731021631763839e-12,3.8207612912633633
32.0,0.0,0.7928659509316301,0.03958532616621943,47.69566843534385,1.471478527074499e-11,3.819803825483508
32.1,0.0,0.7968237940098166,0.03957153539751476,47.935030424496965,-4.1820968664222606e-12,3.818847080165182
32.199999999999996,0.0,0.8007802560044367,0.03955770449487659,48.174329007001944,4.491881819490576e-12,3.817891056410923
32.3,0.0,0.8047353329009519,0.03954383343543171,48.41356406113968,4.027204389888103e-12,3.8169357553195353
32.4,0.0,0.8086890206825881,0.03952992219728704,48.65273546528043,4.95655924909305e-12,3.8159811779860933
32.5,0.0,0.8126413153304284,0.039515970759529104,48.89184309788339,7.434838873639575e-12,3.8150273255019296
32.6,0.0,0.816592212823516,0.039501979102223035,49.13088683749618,4.1820968664222606e-12,3.8140741989546387
32.699999999999996,0.0,0.8205417091389481,0.03948794720641176,49.36986656275445,8.983763638981152e-12,3.8131217994280724
32.8,0.0,0.8244898002519742,0.03947387505411508,49.608782152381295,-2.6331721010806826e-12,3.8121701280023337
32.9,0.0,0.8284364821360966,0.03945976262832864,49.84763348518693,4.646774296024734e-12,3.811219185753778
32.99999999999999,0.0,0.8323817507631642,0.03944560991302273,50.08642044006808,8.983763638981152e-12,3.8102689737550053
33.1,0.0,0.8363256021034723,0.03943141689314115,50.325142896007655,8.51908620937868e-12,3.809319493074861
33.2,0.0,0.8402680321258592,0.03941718355460005,50.5638007320742,3.562526960285629e-12,3.808370744778428
33.3,0.0,0.8442090367978035,0.03940290988428642,50.80239382742152,5.266344202161365e-12,3.80742272992703
33.4,0.0,0.8481486120855205,0.03938859587005678,51.04092206128809,-2.478279624546525e-12,3.806475449578222
33.5,0.0,0.8520867539540604,0.03937424150073574,51.27938531299676,4.801666772558891e-12,3.8055289047857954
33.599999999999994,0.0,0.8560234583674029,0.039359846766114426,51.51778346195417,3.872311913353945e-12,3.804583096599761
33.699999999999996,0.0,0.8599587212885562,0.03934541165694878,51.75611638765035,2.6331721010806826e-12,3.8036380260663623
33.800000000000004,0.0,0.8638925386796515,0.03933093616495791,51.994383969658315,4.491881819490576e-12,3.8026936942280636
33.9,0.0,0.8678249065020404,0.03931642028282247,52.2325860876335,3.4076344837514714e-12,3.8017501021235445
34.0,0.0,0.8717558207163906,0.0393018640041826,52.47072262131345,7.74462382670789e-12,3.800807250787704
34.099999999999994,0.0,0.8756852772827817,0.03928726732363615,52.70879345051723,1.595392508301825e-11,3.7998651412516535
34.199999999999996,0.0,0.8796132721608002,0.039272630236736716,52.946798455145085,2.323387148012367e-12,3.798923774542714
34.3,0.0,0.8835398013096368,0.03925795273999155,53.18473751517799,8.209301256310363e-12,3.7979831516844134
34.4,0.0,0.8874648606881795,0.03924323483085947,53.422610510677174,9.448441068583626e-12,3.7970432736964845
34.5,0.0,0.8913884462551097,0.03922847650774874,53.66041732178368,4.95655924909305e-12,3.7961041415948626
34.6,0.0,0.8953105539689978,0.03921367777001474,53.89815782871794,-3.7174194368197875e-12,3.795165756391681
34.699999999999996,0.0,0.8992311797883966,0.039198838617957706,54.13583191177933,2.7880645776148402e-12,3.794228119095267
34.8,0.0,0.9031503196719355,0.0391839590528204,54.37343945134576,-4.336989342956418e-12,3.793291230710143
34.9,0.0,0.9070679695784161,0.03916903907678552,54.61098032787327,8.673978685912837e-12,3.7923550922370195
35.0,0.0,0.9109841254669035,0.03915407869297339,54.84845442189545,6.195699061366312e-13,3.791419704672797
35.1,0.0,0.9148987832968243,0.0391390779054393,55.08586161402325,1.2236505646198467e-11,3.7904850690105585
35.2,0.0,0.9188119390280549,0.039124036719170835,55.323201784944324,3.7174194368197875e-12,3.7895511862395685
35.3,0.0,0.9227235886210177,0.03910895514008527,55.5604748154228,7.434838873639575e-12,3.7886180573452743
35.4,0.0,0.9266337280367731,0.03909383317502677,55.79768058629868,6.195699061366312e-13,3.787685683309295
35.49999999999999,0.0,0.9305423532371129,0.03907867083176357,56.034818978487635,6.660376490968785e-12,3.7867540651094256
35.6,0.0,0.9344494601846498,0.03906346811898504,56.271991282153756,2.0136021949440514e-12,3.785823203719634
35.7,0.0,0.9383550448429143,0.039048225046298915,56.50917539220293,4.491881819490576e-12,3.7848931001100525
35.8,0.0,0.9422591031764403,0.039032941624228115,56.74629357524766,3.252742007217314e-12,3.7839637552469854
35.9,0.0,0.9461616311508626,0.03901761786420779,56.98334571476864,-2.6331721010806826e-12,3.783035170092893
36.0,0.0,0.9500626247330022,0.039002253778582165,57.22033169431533,8.673978685912837e-12,3.7821073456064016
36.099999999999994,0.0,0.9539620798909618,0.03898684938060141,57.45725139750557,-1.3940322888074201e-12,3.7811802827422967
36.199999999999996,0.0,0.9578599925942122,0.038971404684418294,57.69410470802539,6.350591537900469e-12,3.7802539824515144
36.300000000000004,0.0,0.9617563588136877,0.038955919705085044,57.93089150962863,6.195699061366312e-12,3.7793284456811485
36.4,0.0,0.9656511745218689,0.03894039445854988,58.16761168613669,6.195699061366312e-12,3.7784036733744406
36.5,0.0,0.9695444356928798,0.038924828961653696,58.404265121438236,1.2236505646198467e-11,3.7774796664707853
36.599999999999994,0.0,0.9734361383025681,0.03890922323212654,58.64085169948888,7.279946397105417e-12,3.776556425905718
36.699999999999996,0.0,0.9773262783286036,0.03889357728858411,58.87737130431093,1.548924765341578e-13,3.7756339526109217
36.8,0.0,0.9812148517505589,0.03887789115052426,59.113823819993115,1.9206667090235565e-11,3.7747122475142185
36.9,0.0,0.9851018545500019,0.03886216483832326,59.350209130690196,1.0377795927788572e-11,3.77379131153957
37.0,0.0,0.9889872827105791,0.03884639837323222,59.58652712062284,0.0,3.7728711456070747
37.1,0.0,0.9928711322181094,0.03883059177737332,59.822777674077265,1.2701183075800938e-11,3.771951750632966
37.199999999999996,0.0,0.9967533990606653,0.03881474507373604,60.05896067540487,7.74462382670789e-13,3.771033127529607
37.3,0.0,1.0006340792286605,0.038798858286173354,60.29507600902213,1.192672069313015e-11,3.770115277205494
37.4,0.0,1.0045131687149391,0.03878293143939781,60.53112355941018,2.168494671478209e-12,3.76919820056525
37.5,0.0,1.0083906635148585,0.03876696455897761,60.76710321111468,9.9131184981861e-12,3.7682818985096205
37.6,0.0,1.0122665596263734,0.038750957671332714,61.003450300193016,5.885914108297996e-12,3.7673663719354793
37.7,0.0,1.0161408530501261,0.03873491080373067,61.24004115223036,6.660376490968785e-12,3.7664516217358175
37.8,0.0,1.0200135397895274,0.03871882398428261,61.47657105309179,1.3165860505403413e-11,3.7655376487997474
37.9,0.0,1.0238846158508388,0.03870269724193923,61.713039902255,1.4559892794210833e-11,3.7646244540124973
37.99999999999999,0.0,1.02775407724326,0.03868653060648639,61.94944759925105,5.885914108297996e-12,3.7637120382554095
38.099999999999994,0.0,1.031621919979011,0.03867032410854113,62.185794043664146,6.970161444037101e-12,3.7628004024059414
38.2,0.0,1.0354881400734153,0.03865407777954726,62.422079135131256,2.0136021949440514e-12,3.7618895473376606
38.3,0.0,1.0393527335449817,0.03863779165177112,62.658302773341916,-6.195699061366312e-13,3.7609794739202425
38.4,0.0,1.0432156964154848,0.03862146575829728,62.894464858037914,7.434838873639575e-12,3.760070183019471
38.5,0.0,1.0470770247100505,0.03860510013302392,63.13056528901301,9.293548592049467e-12,3.759161675497235
38.599999999999994,0.0,1.050936714457235,0.03858869481065877,63.366603966112734,3.562526960285629e-12,3.758253952211526
38.699999999999996,0.0,1.0547947616891036,0.03857224982671422,63.60259172388316,9.9131184981861e-12,3.7573470140164353
38.800000000000004,0.0,1.0586511624413146,0.03855576521750312,63.838695171179495,9.293548592049467e-12,3.7564408617621576
38.9,0.0,1.0625059127531964,0.038539241020134035,64.07473826626705,6.505484014434628e-12,3.7555354962949803
39.0,0.0,1.0663590086678287,0.03852267727250674,64.31072091159044,3.562526960285629e-12,3.754630918457291
39.099999999999994,0.0,1.070210446232119,0.03850607401330747,64.54664300964102,1.7038172418757357e-12,3.7537271290875682
39.199999999999996,0.0,1.0740602214968844,0.03848943128200437,64.78250446295658,9.13865611551531e-12,3.7528241290203863
39.3,0.0,1.0779083305169272,0.0384727491188427,65.01830517412114,2.6331721010806826e-12,3.751921919086407
39.4,0.0,1.0817547693511116,0.03845602756484008,65.25404504576474,7.279946397105417e-12,3.751020500112382
39.5,0.0,1.085599534062442,0.03843926666178164,65.48972398056324,-4.646774296024734e-13,3.7501198729211502
39.6,0.0,1.0894426207181416,0.03842246645221534,65.72534188123814,2.0136021949440513e-11,3.749220038331638
39.699999999999996,0.0,1.0932840253897256,0.03840562697944697,65.96089865055625,2.478279624546525e-12,3.7483209971588543
39.8,0.0,1.0971237441530741,0.03838874828753526,66.19639419132972,8.673978685912837e-12,3.7474227502138895
39.9,0.0,1.1009617730885157,0.03837183042128694,66.4318284064155,1.409521536460836e-11,3.746525298303917
40.0,0.0,1.1047981082808929,0.038354873426251795,66.66720119871555,5.1114517256272075e-12,3.7456286422321883
40.1,0.0,1.1086327458196406,0.038337877348717755,66.90251247117625,-1.8587097184098938e-12,3.7447327827980343
40.2,0.0,1.1124656817988623,0.03832084223570555,67.1377621267885,2.6331721010806826e-12,3.7438377207968623
40.3,0.0,1.1162969123173954,0.03830376813496397,67.37295006858731,-1.2391398122732624e-12,3.742943457020152
40.4,0.0,1.120126433478892,0.03828665509496466,67.60807619965176,1.6573494989154885e-11,3.7420499922554615
40.49999999999999,0.0,1.1239542413918855,0.038269503164896745,67.84314042310473,1.703817241875736e-11,3.7411573272864174
40.599999999999994,0.0,1.1277803321698632,0.03825231239466205,68.07814264211275,1.750284984835983e-11,3.7402654628927183
40.7,0.0,1.1316047019313389,0.03823508283486962,68.31308275988579,1.1616935740061835e-11,3.7393743998501336
40.8,0.0,1.1354273467999247,0.038217814536830645,68.54796067967705,8.054408779776206e-12,3.7384841389305015
40.9,0.0,1.1392482629043936,0.038200507552553054,68.7827763047829,2.0136021949440514e-12,3.7375946809017235
41.0,0.0,1.143067446378758,0.03818316193473635,69.01752953854255,1.053268840432273e-11,3.7367060265277727
41.099999999999994,0.0,1.1468848933623335,0.038165777736766354,69.25222028433795,1.2701183075800938e-11,3.735818176568682
41.199999999999996,0.0,1.1507005999998068,0.03814835501270963,69.48684844559361,2.6331721010806826e-12,3.734931131780552
41.300000000000004,0.0,1.1545145624413076,0.038130893817308456,69.72141392577639,1.409521536460836e-11,3.7340448929155414
41.4,0.0,1.1583267768424723,0.03811339420597506,69.95591662839544,1.5179462700347464e-11,3.733159460721874
41.5,0.0,1.1621372393645106,0.038095856234786514,70.19035645700188,1.053268840432273e-11,3.732274835943833
41.599999999999994,0.0,1.1659459461742732,0.03807827996047913,70.4247333151887,1.471478527074499e-11,3.7313910193217588
41.699999999999996,0.0,1.169752893444319,0.038060665440443064,70.65904710659065,3.4076344837514714e-12,3.730508011592053
41.8,0.0,1.1735580773529775,0.03804301273271672,70.893297734884,6.350591537900469e-12,3.729625813487172
41.9,0.0,1.1773614940844122,0.03802532189598141,71.12748510378646,1.6728387465689042e-11,3.728744425735629
42.0,0.0,1.1811631398286897,0.03800759298955576,71.36160911705687,2.942957054148998e-12,3.7278638490619924
42.1,0.0,1.1849630107818367,0.037989826073390014,71.59566967849531,7.279946397105417e-12,3.726984084186887
42.199999999999996,0.0,1.1887611031459093,0.03797202120806063,71.82966669194263,1.750284984835983e-11,3.7261051318269893
42.3,0.0,1.1925574131290504,0.03795417845476469,72.06360006128052,1.548924765341578e-13,3.7252269926950263
42.4,0.0,1.196351936945554,0.03793629787531416,72.29746969043138,1.130715078699352e-11,3.7243496674997827
42.49999999999999,0.0,1.2001446708159262,0.03791837953213034,72.53127548335796,-1.0842473357391046e-12,3.723473156946089
42.6,0.0,1.2039356109669446,0.0379004234882382,72.76501734406347,1.4559892794210833e-11,3.7225974617348263
42.7,0.0,1.2077247536317197,0.03788242980726073,72.9986951765912,2.7880645776148402e-12,3.7217225825629305
42.8,0.0,1.2115120950497533,0.0378643985534132,73.23230888502465,4.95655924909305e-12,3.72084852012338
42.9,0.0,1.2152976314669992,0.03784632979149746,73.46585837348715,-1.0842473357391046e-12,3.719975275105204
42.99999999999999,0.0,1.2190813591359189,0.03782822358689635,73.69934354614185,1.2546290599266781e-11,3.719102848193483
43.099999999999994,0.0,1.2228632743155423,0.0378100800055678,73.93276430719153,1.192672069313015e-11,3.7182312400693376
43.2,0.0,1.2266433732715223,0.037791899114039094,74.16612056087861,2.0136021949440514e-12,3.717360451409939
43.3,0.0,1.230421652276194,0.037773680979401286,74.39941221148482,1.6418602512620725e-11,3.716490482888505
43.4,0.0,1.23419810760863,0.037755425669303184,74.63263916333119,7.125053920571258e-12,3.715621335174295
43.5,0.0,1.2379727355546917,0.03773713325194572,74.86580132077798,1.332075298193757e-11,3.7147530089326173
43.599999999999994,0.0,1.2417455324070932,0.03771880379607607,75.09889858822439,1.3010968028869256e-11,3.7138855048248223
43.699999999999996,0.0,1.2455164944654453,0.0377004373709819,75.33193087010864,2.3078979003589513e-11,3.7130188235083037
43.800000000000004,0.0,1.2492856180363192,0.0376820340464855,75.56489807090772,1.332075298193757e-11,3.712152965636502
43.9,0.0,1.25305289943329,0.037663593892937906,75.7978000951373,9.293548592049469e-13,3.711287931858897
44.0,0.0,1.256818334976998,0.03764511698121317,76.03063684735174,1.0068010974720256e-11,3.7104237228210155
44.1,0.0,1.2605819209951938,0.037626603382702385,76.26340823214377,7.589731350173732e-12,3.7095603391644225
44.199999999999996,0.0,1.2643436538227941,0.03760805316930791,76.4961141541446,8.673978685912837e-12,3.7086977815267295
44.3,0.0,1.2681035298019319,0.0375894664134374,76.72875451802362,-4.336989342956418e-12,3.707836050541586
44.39999999999999,0.0,1.2718615452820028,0.037570843187998006,76.96132922848851,1.0377795927788572e-11,3.7069751468386865
44.5,0.0,1.2756176966197226,0.037552183566390486,77.19383819028492,2.122026928517962e-11,3.7061150710437656
44.6,0.0,1.279371980179167,0.0375334876225032,77.42628130819658,1.0068010974720256e-11,3.7052558237785993
44.699999999999996,0.0,1.283124392331828,0.03751475543070637,77.65865848704507,2.3388763956657827e-11,3.7043974056610054
44.8,0.0,1.2868749294566553,0.037495987065846045,77.8909696316898,9.448441068583626e-12,3.7035398173048435
44.9,0.0,1.29062358794011,0.037477182603238256,78.12321464702785,1.2391398122732624e-11,3.7026830593200137
44.99999999999999,0.0,1.294370364176205,0.03745834211866302,78.35539343799402,4.801666772558891e-12,3.7018271323124563
45.1,0.0,1.2981152545665555,0.037439465688358514,78.58750590956059,8.828871162446993e-12,3.7009720368841554
45.2,0.0,1.3018582555204243,0.037420553389015156,78.81955196673734,3.562526960285629e-12,3.7001177736331328
45.3,0.0,1.3055993634547638,0.03740160529776951,79.05153151457144,2.044580690250883e-11,3.6992643431534535
45.4,0.0,1.3093385747942619,0.037382621492198544,79.28344445814739,6.660376490968785e-12,3.698411746035224
45.49999999999999,0.0,1.3130758859713871,0.0373636020503136,79.51529070258688,-6.350591537900469e-12,3.697559982864592
45.599999999999994,0.0,1.3168112934264316,0.037344547050554525,79.74707015304891,1.192672069313015e-11,3.6967090542237457
45.7,0.0,1.320544793607548,0.037325456571783676,79.97878271472945,8.364193732844521e-12,3.695858960690915
45.8,0.0,1.324276382970802,0.03730633069327995,80.21042829286158,1.2546290599266781e-11,3.695009702840374
45.9,0.0,1.3280060579802024,0.03728716949473298,80.44200679271536,2.0290914425974673e-11,3.6941612812424345
46.0,0.0,1.3317338151077502,0.03726797305623706,80.67351811959777,2.1839839191316248e-11,3.693313696463455
46.099999999999994,0.0,1.3354596508334766,0.03724874145828537,80.90496217885266,9.13865611551531e-12,3.692466949065835
46.199999999999996,0.0,1.3391835616454788,0.037229474781763826,81.13633887586067,1.5179462700347464e-11,3.691621039608018
46.3,0.0,1.3429055440399649,0.037210173107945374,81.3676481160392,3.562526960285629e-12,3.690775968644487
46.4,0.0,1.346625594521286,0.03719083651848393,81.59888980484243,1.4250107841142516e-11,3.6899317367257725
46.5,0.0,1.3503437096019804,0.037171465095408425,81.83006384776105,5.5761291552296805e-12,3.689088344398449
46.6,0.0,1.3540598858028068,0.03715205892111709,82.06117015032254,8.364193732844521e-12,3.6882457922051315
46.699999999999996,0.0,1.357774119652781,0.03713261807837131,82.29220861809083,-5.885914108297996e-12,3.687404080684486
46.8,0.0,1.361486407689214,0.037113142650289845,82.52317915666642,1.332075298193757e-11,3.6865632103712187
46.89999999999999,0.0,1.3651967464577461,0.03709363272034284,82.7540816716863,9.9131184981861e-12,3.6857231817960847
47.0,0.0,1.3689051325123807,0.037074088372346055,82.98491606882394,1.4250107841142516e-11,3.684883995485883
47.1,0.0,1.3726115624155206,0.03705450969045481,83.21568225378923,7.74462382670789e-12,3.684045651963463
47.199999999999996,0.0,1.3763160327380008,0.037034896759158255,83.44638013232843,-1.3940322888074201e-12,3.6832081517477206
47.3,0.0,1.3800185400591232,0.03701524966327333,83.67700961022423,9.9131184981861e-12,3.6823714953535975
47.4,0.0,1.3837190809666835,0.03699556848793907,83.90757059329557,9.603333545117783e-12,3.6815356832920876
47.49999999999999,0.0,1.3874176520570105,0.03697585331861063,84.1380629873978,1.2546290599266781e-11,3.680700716070234
47.6,0.0,1.3911142499349936,0.036956104241053424,84.36848669842254,1.2081613169664307e-11,3.6798665941911284
47.7,0.0,1.394808871214114,0.03693632134133734,84.59884163229769,1.2701183075800938e-11,3.679033318153913
47.8,0.0,1.3985015125164717,0.036916504705830876,84.82912769498739,2.6021936057738513e-11,3.6782008884537865
47.9,0.0,1.402192170472823,0.0368966544211953,85.05934479249207,5.885914108297996e-12,3.6773693055819963
48.0,0.0,1.4058808417226014,0.03687677057437889,85.28949283084845,4.491881819490576e-12,3.6765385700258424
48.099999999999994,0.0,1.4095675229139513,0.036856853252611024,85.51957171612939,1.0687580880856889e-11,3.675708682268682
48.2,0.0,1.4132522107037517,0.03683690254339652,85.74958135444402,3.097849530683156e-12,3.674879642789929
48.3,0.0,1.4169349017576474,0.03681691853450976,85.97952165193776,1.5334355176881624e-11,3.674051452065049
48.4,0.0,1.4206155927500717,0.036796901313988974,86.20939251479214,3.097849530683156e-12,3.673224110565567
48.5,0.0,1.424294280364278,0.03677685097013041,86.43919384922503,1.3630537935005885e-11,3.672397618759067
48.599999999999994,0.0,1.4279709612923583,0.03675676759148275,86.66892556149045,1.0222903451254415e-11,3.6715719771091884
48.699999999999996,0.0,1.431645632235275,0.036736651266841176,86.8985875578787,3.097849530683156e-13,3.670747186075636
48.8,0.0,1.4353182899028791,0.036716502085241805,87.12817974471639,9.293548592049469e-13,3.6699232461141733
48.9,0.0,1.438988931013939,0.036696320135955904,87.35770202836622,2.7880645776148402e-12,3.669100157676623
49.0,0.0,1.4426575522961607,0.036676105508484304,87.58715431522732,2.942957054148998e-12,3.6682779212108776
49.1,0.0,1.4463241504862123,0.03665585829255164,87.81653651173508,1.1152258310459361e-11,3.6674565371608887
49.199999999999996,0.0,1.4499887223297452,0.03663557857810069,88.04584852436118,-6.195699061366312e-12,3.6666360059666756
49.3,0.0,1.453651264581415,0.0366152664552868,88.27509025961356,1.9206667090235565e-11,3.6658163280643232
49.39999999999999,0.0,1.4573117740049026,0.03659492201447226,88.50426162403667,9.603333545117783e-12,3.6649975038859877
49.5,0.0,1.4609702473729373,0.03657454534622067,88.73336252421123,1.3630537935005885e-11,3.6641795338598913
49.6,0.0,1.4646266814673128,0.0365541365412913,88.96239286675434,8.673978685912837e-12,3.663362418410329
49.699999999999996,0.0,1.4682810730789089,0.036533695690633645,89.19135255831965,1.5334355176881624e-11,3.6625461579576655
49.8,0.0,1.4719334190077098,0.036513222885381766,89.4202415055972,6.350591537900469e-12,3.66173075291834
49.9,0.0,1.4755837160628216,0.036492718216848824,89.64905961531356,1.3010968028869256e-11,3.6609162037048666
49.99999999999999,0.0,1.4792319610624898,0.036472181776521534,89.8778067942318,8.054408779776206e-12,3.6601025107258347
50.1,0.0,1.482878150834119,0.03645161365605467,90.10648294915173,2.5092581198533562e-11,3.659289674385912
50.2,0.0,1.4865222822142843,0.03643101394726561,90.33508798690953,1.750284984835983e-11,3.658477695085844
50.3,0.0,1.4901643520487544,0.03641038274212883,90.56362181437827,2.881000063535335e-11,3.6576665732224556
50.4,0.0,1.4938043571924995,0.03638972013277059,90.79208433846765,1.0842473357391046e-11,3.6568563091886563
50.5,0.0,1.497442294509711,0.036369026211463325,91.02047546612414,2.5402366151601876e-11,3.656046903373436
50.599999999999994,0.0,1.5010781608738153,0.03634830107062049,91.24879510433102,1.4250107841142516e-11,3.655238356161871
50.699999999999996,0.0,1.5047119531674862,0.03632754480279096,91.47704316010847,1.2701183075800938e-11,3.6544306679351224
50.8,0.0,1.5083436682826576,0.03630675750065383,91.70521954051358,1.2856075552335098e-11,3.653623839070441
50.9,0.0,1.5119733031205411,0.03628593925701307,91.93332415264042,-3.7174194368197875e-12,3.652817869941167
51.0,0.0,1.5156008545916315,0.036265090164792145,92.16135690362017,1.332075298193757e-11,3.65201276091673
51.099999999999994,0.0,1.5192263196157225,0.03624421031702878,92.38931770062099,1.3785430411540046e-11,3.651208512362655
51.199999999999996,0.0,1.5228496951219175,0.03622329980686978,92.61720645084837,1.0068010974720256e-11,3.6504051246405607
51.3,0.0,1.526470978048639,0.03620235872756557,92.84502306154491,7.74462382670789e-12,3.649602598108159
51.4,0.0,1.5300901653436407,0.03618138717246528,93.07276743999056,1.68832799422232e-11,3.6488009331192623
51.5,0.0,1.5337072539640144,0.036160385235011305,93.30043949350272,1.0068010974720256e-11,3.648000130023787
51.6,0.0,1.5373222408762022,0.036139353008734366,93.52803912943617,5.266344202161365e-12,3.647200189167744
51.699999999999996,0.0,1.5409351230560007,0.0361182905872481,93.75556625518321,8.364193732844521e-12,3.6464011108932497
51.8,0.0,1.5445458974885757,0.036097198064244225,93.98302077817385,1.3940322888074201e-12,3.6456028955385285
51.89999999999999,0.0,1.548154561168462,0.03607607553348721,94.21040260587573,3.097849530683156e-12,3.644805543437909
52.0,0.0,1.551761111099577,0.036054923088809455,94.43771164579422,4.646774296024734e-12,3.6440090549218302
52.1,0.0,1.5553655442952223,0.03603374082410603,94.66494780547262,1.3165860505403413e-11,3.6432134303168406
52.199999999999996,0.0,1.558967857778095,0.036012528833329824,94.89211099249216,1.9981129472906356e-11,3.6424186699456036
52.3,0.0,1.5625680485802853,0.035991287210486486,95.11920111447206,1.2236505646198467e-11,3.641624774126897
52.4,0.0,1.566166113743291,0.035970016049629475,95.34621807906976,1.0842473357391046e-11,3.640831743175613
52.49999999999999,0.0,1.5697620503180156,0.03594871544485516,95.5731617939808,9.9131184981861e-12,3.6400395774027667
52.599999999999994,0.0,1.5733558553647735,0.035927385490297864,95.80003216693915,1.0377795927788572e-11,3.63924827711549
52.7,0.0,1.5769475259532941,0.03590602628012511,96.02682910571714,7.434838873639575e-12,3.6384578426170373
52.8,0.0,1.580537059162727,0.0358846379085326,96.25404156252016,1.98262369963722e-11,3.6376682742067956
52.9,0.0,1.5841244520816402,0.03586322046973954,96.48166407925646,6.660376490968785e-12,3.6368795721802702
53.0,0.0,1.5877097018080264,0.03584177405798379,96.70921882315194,1.1616935740061835e-11,3.636091736829099
53.099999999999994,0.0,1.5912928054493014,0.03582029876751711,96.93670571004849,-3.7174194368197875e-12,3.6353047684410535
53.199999999999996,0.0,1.5948737601223069,0.03579879469260045,97.16412465582371,2.09104843321113e-11,3.6345186673000356
53.3,0.0,1.5984525629533124,0.03577726192749921,97.39147557639086,1.2081613169664307e-11,3.633733433686084
53.4,0.0,1.6020292110780112,0.03575570056647861,97.61875838769893,1.8432204707564778e-11,3.6329490678753755
53.5,0.0,1.6056037016415252,0.03573411070379902,97.84597300573279,8.983763638981152e-12,3.6321655701402276
53.599999999999994,0.0,1.6091760317984012,0.03571249243371134,98.07311934651307,8.364193732844521e-12,3.631382940749101
53.699999999999996,0.0,1.6127461987126088,0.03569084585045247,98.30019732609617,-4.646774296024734e-12,3.6306011799666003
53.8,0.0,1.6163141995575439,0.035669171048240675,98.52720686057462,8.673978685912837e-12,3.6298202880534762
53.9,0.0,1.6198800315160187,0.03564746812127111,98.75414786607669,9.293548592049469e-13,3.629040265266631
54.0,0.0,1.6234436917802686,0.03562573716371139,98.98102025876685,9.603333545117783e-12,3.628261111859118
54.1,0.0,1.627005177551939,0.035603978269697,99.20782395484548,1.548924765341578e-12,3.627482828080146
54.199999999999996,0.0,1.6305644860420905,0.035582191533326944,99.43455887054905,8.673978685912837e-12,3.6267054141750776
54.3,0.0,1.6341216144711888,0.03556037704865939,99.66122492215037,-4.95655924909305e-12,3.625928870385439
54.39999999999999,0.0,1.637676560069108,0.03553853490970719,99.88782202595823,1.9516452043303882e-11,3.6251531969489124
54.5,0.0,1.6412293200751151,0.03551666521043365,100.11435009831781,1.5179462700347464e-11,3.6243783940993493
54.6,0.0,1.6447798917378735,0.03549476804474822,100.34080905561059,1.0842473357391046e-11,3.6236044620667656
54.699999999999996,0.0,1.6483282723154364,0.03547284350650213,100.56719881425445,1.2391398122732624e-11,3.622831401077347
54.8,0.0,1.6518744590752357,0.0354508916894843,100.7935192907036,8.054408779776206e-12,3.6220592113534473
54.9,0.0,1.6554184492940809,0.035428912687416936,101.01977040144884,9.293548592049469e-13,3.621287893113601
54.99999999999999,0.0,1.658960240258149,0.03540690659395165,101.24595206301747,1.1462043263527678e-11,3.6205174465725154
55.099999999999994,0.0,1.66249982926298,0.03538487350266499,101.47206419197346,1.0222903451254415e-11,3.6197478719410774
55.2,0.0,1.6660372136134656,0.03536281350705467,101.69810670491738,-8.054408779776206e-12,3.618979169426357
55.3,0.0,1.669572390623846,0.035340726700535126,101.92407951848661,1.703817241875736e-11,3.6182113392316078
55.4,0.0,1.6731053576176935,0.035318613176433915,102.14998254935526,6.505484014434628e-12,3.6174443815562727
55.5,0.0,1.6766361119279147,0.03529647302798728,102.37581571423442,1.0222903451254415e-11,3.6166782965959827
55.599999999999994,0.0,1.680164650896731,0.035274306348336476,102.60157892987202,1.4559892794210833e-11,3.6159130845425635
55.699999999999996,0.0,1.683690971875674,0.035252113230523734,102.82727211305307,2.478279624546525e-12,3.6151487455840354
55.8,0.0,1.6872150722255748,0.0352298937674884,103.05289518059973,2.1375161761713778e-11,3.614385279904618
55.9,0.0,1.6907369493165527,0.03520764805206293,103.27844804937112,1.7967527277962304e-11,3.613622687684731
56.0,0.0,1.6942566005280035,0.035185376176969256,103.50393063626377,2.0136021949440513e-11,3.612860969100997
56.099999999999994,0.0,1.697774023248594,0.03516307823481487,103.72934285821148,2.0755591855577144e-11,3.6121001243262483
56.199999999999996,0.0,1.7012892148762384,0.03514075431808905,103.95468463218539,1.5799032606484095e-11,3.611340153529526
56.3,0.0,1.704802172818101,0.0351184045191592,104.17995587519414,1.9516452043303882e-11,3.6105810568760828
56.4,0.0,1.7083128944905728,0.03509602893026709,104.4051565042839,2.2304516620918722e-11,3.6098228345273884
56.5,0.0,1.7118213773192619,0.03507362764352526,104.63028643653847,5.266344202161365e-12,3.609065486641128
56.6,0.0,1.7153276187389839,0.03505120075091337,104.85534558907932,1.4250107841142516e-11,3.60830901337121
56.699999999999996,0.0,1.718831616193743,0.035028748344274586,105.08033387906579,-3.097849530683156e-13,3.607553414867769
56.8,0.0,1.7223333671367225,0.03500627051531204,105.305251223695,3.4076344837514714e-12,3.606798691277162
56.9,0.0,1.725832869030267,0.034983767355585366,105.53009754020214,2.044580690250883e-11,3.606044842741982
56.99999999999999,0.0,1.729330119345872,0.03496123895650714,105.75487274586031,1.2391398122732624e-11,3.605291869401049
57.1,0.0,1.7328251155641636,0.03493868540933945,105.97957675798081,6.815268967502943e-12,3.6045397713894256
57.199999999999996,0.0,1.7363178551748906,0.0349161068051906,106.20420949391318,8.364193732844521e-12,3.6037885488384087
57.3,0.0,1.739808335676901,0.03489350323501153,106.42877087104526,1.5799032606484095e-11,3.60303820187554
57.4,0.0,1.7432965545781314,0.03487087478959263,106.65326080680326,1.7967527277962304e-11,3.602288730624607
57.49999999999999,0.0,1.7467825093955889,0.03484822155956043,106.8776792186519,1.2701183075800938e-11,3.6015401352056444
57.599999999999994,0.0,1.7502661976553362,0.03482554363537429,107.10202602409461,1.6418602512620725e-11,3.60079241573494
57.7,0.0,1.753747616892471,0.034802841107323165,107.3263011406733,1.1771828216595992e-11,3.600045572325035
57.8,0.0,1.757226764651113,0.03478011406552242,107.5505044859688,2.819043072921672e-11,3.5992996050847306
57.9,0.0,1.7607036384843844,0.03475736259991071,107.77463597760075,-5.5761291552296805e-12,3.5985545141190864
58.0,0.0,1.7641782359543923,0.034734586800246846,107.99869553322792,5.266344202161365e-12,3.597810299529431
58.099999999999994,0.0,1.76765055463221,0.03471178675610667,108.22268307054792,7.434838873639575e-12,3.5970669614133572
58.199999999999996,0.0,1.7711205920978594,0.03468896255688001,108.44659850729778,1.98262369963722e-11,3.5963244998647297
58.3,0.0,1.7745883459402922,0.03466611429176776,108.67044176125364,1.6418602512620725e-11,3.5955829149736878
58.4,0.0,1.7780538137573692,0.034643242049778804,108.89476529110316,3.624483950899293e-11,3.5948422068266472
58.5,0.0,1.7815169931558446,0.0346203459197271,109.11923123389384,4.027204389888103e-12,3.5941023755063077
58.599999999999994,0.0,1.7849778817513422,0.03459742599022882,109.34362902276776,1.3630537935005885e-11,3.5933634210916487
58.699999999999996,0.0,1.788436477168339,0.034574482349699474,109.5679585815263,5.266344202161365e-12,3.5926253436579407
58.8,0.0,1.7918927770401407,0.03455151508635098,109.79221983400934,1.332075298193757e-11,3.591888143276744
58.9,0.0,1.795346779008868,0.034528524288189096,110.01641270409506,1.889688213716725e-11,3.591151820015914
59.0,0.0,1.7987984807254283,0.034505510043010376,110.24053711570032,1.7657742324893987e-11,3.590416373939602
59.1,0.0,1.8022478798494987,0.0344824724383998,110.4645929927806,1.8587097184098938e-12,3.5896818051082606
59.199999999999996,0.0,1.8056949740495052,0.034459411561727715,110.68858025933025,9.603333545117783e-12,3.5889481135786503
59.3,0.0,1.8091397610025988,0.03443632750014747,110.91249883938235,1.2391398122732624e-11,3.5882152994038368
59.4,0.0,1.8125822383946348,0.0344132203405927,111.13634865700921,2.261430157398704e-11,3.587483362633196
59.49999999999999,0.0,1.8160224039201545,0.03439009016977481,111.36012963632206,-6.815268967502943e-12,3.5867523033124233
59.6,0.0,1.819460255282352,0.03436693707418038,111.58384170147156,1.1462043263527678e-11,3.5860221214835297
59.699999999999996,0.0,1.822895790193064,0.03434376114006868,111.80748477664757,2.726107587001177e-11,3.585292817184848
59.8,0.0,1.8263290063727409,0.03432056245346928,112.03191766028998,1.2701183075800938e-11,3.5845643904510385
59.9,0.0,1.8297599015504233,0.03429734110017946,112.25645981508605,1.827731223103062e-11,3.583836841313089
59.99999999999999,0.0,1.833188473463721,0.0342740971657621,112.48093826333566,2.3543656433191983e-11,3.583110169798322
60.099999999999994,0.0,1.8366147198587857,0.03425083073554302,112.70535293629965,1.1462043263527678e-11,3.582384375930396
60.2,0.0,1.8400386384902936,0.034227541894608964,112.92970376527424,5.885914108297996e-12,3.5816594597293068
60.3,0.0,1.8434602271214142,0.034204230727805096,113.15399068159122,4.646774296024734e-12,3.580935421211398
60.4,0.0,1.8468794835237914,0.03418089731973285,113.37821361661781,2.2304516620918722e-11,3.58021226038936
60.5,0.0,1.850296405477515,0.03415754175474774,113.60237250175686,3.996225894581271e-11,3.5794899772722295
60.599999999999994,0.0,1.8537109907711005,0.03413416411695725,113.82646726844693,-3.4076344837514714e-12,3.578768571865405
60.699999999999996,0.0,1.8571232372014592,0.03411076449021849,114.05049784816228,6.815268967502943e-12,3.5780480441706395
60.8,0.0,1.860533142573877,0.03408734295813641,114.27446417241289,0.0,3.577328394186049
60.9,0.0,1.8639407047019876,0.03406389960406151,114.49836617274474,1.4559892794210833e-11,3.5766096219061154
61.0,0.0,1.8673459214077437,0.03404043451108794,114.72220378073955,1.0222903451254415e-11,3.5758917273216917
61.099999999999994,0.0,1.870748790521401,0.03401694776205143,114.94597692801521,2.8500215682285032e-11,3.575174710420003
61.199999999999996,0.0,1.8741493098814799,0.03399343943952748,115.16968554622547,1.5179462700347464e-11,3.574458571184652
61.3,0.0,1.8775474773347478,0.033969909625829284,115.3933295670604,1.5179462700347464e-11,3.5737433095956233
61.4,0.0,1.88094329073619,0.033946358403006006,115.61690892224614,1.6728387465689042e-11,3.573028925629285
61.49999999999999,0.0,1.8843367479489819,0.03392278585284089,115.84042354354516,9.293548592049469e-13,3.5723154192583975
61.599999999999994,0.0,1.8877278468444667,0.033899192056849416,116.06387336275617,2.168494671478209e-11,3.571602790452111
61.699999999999996,0.0,1.8911165853021232,0.033875577096277594,116.28725831171431,-1.548924765341578e-12,3.5708910391759736
61.8,0.0,1.8945029612095416,0.033851941052100196,116.51057832229132,2.664150596387514e-11,3.5701801653919336
61.9,0.0,1.8978869724623975,0.03382828400501912,116.73383332639526,-9.603333545117783e-12,3.5694701690583446
62.0,0.0,1.901268616964422,0.03380460603546168,116.95702325597102,1.1152258310459361e-11,3.5687610501299676
62.099999999999994,0.0,1.904647892627374,0.033780907223579106,117.18014804300007,3.8103549227402817e-11,3.5680528085579772
62.199999999999996,0.0,1.9080247973710152,0.033757187649244694,117.40320761950066,9.9131184981861e-12,3.5673454442899635
62.3,0.0,1.9113993291230815,0.03373344739205259,117.62620191752788,2.726107587001177e-11,3.56663895726994
62.4,0.0,1.9147714858192473,0.033709686531316,117.84913086917372,3.593505455592461e-11,3.5659333474383406
62.5,0.0,1.9181412654031182,0.03368590514606596,118.0719944065672,2.044580690250883e-11,3.5652286147320296
62.6,0.0,1.921508665826172,0.033662103315049687,118.29479246187447,2.168494671478209e-11,3.564524759084304
62.699999999999996,0.0,1.9248736850477621,0.03363828111672923,118.51752496729867,1.7347957371825673e-11,3.563821780424898
62.8,0.0,1.9282363210350628,0.03361443862928018,118.74019185508031,1.7657742324893987e-11,3.5631196786799864
62.9,0.0,1.931596571763056,0.03359057593059036,118.96279305749711,6.505484014434628e-12,3.562418453772186
63.0,0.0,1.9349544352144985,0.033566693098258306,119.18532850686421,2.323387148012367e-11,3.5617181056205687
63.1,0.0,1.9383099093798912,0.033542790209592215,119.40779813553418,9.9131184981861e-12,3.561018634140653
63.19999999999999,0.0,1.9416629922574518,0.03351886734160864,119.63020187589723,1.6728387465689042e-11,3.56032003924442
63.3,0.0,1.945013681853084,0.03349492457103136,119.85253966038108,9.603333545117783e-12,3.559622320840307
63.4,0.0,1.94836197618035,0.033470961974290045,120.07481142145126,1.2391398122732624e-11,3.5589254788332223
63.5,0.0,1.9517078732604414,0.03344697962751937,120.29701709161097,8.054408779776206e-12,3.5582295131245405
63.6,0.0,1.9550513711221447,0.03342297760655774,120.51915660340143,6.195699061366312e-12,3.5575344236121103
63.7,0.0,1.9583924678018179,0.033398955986946276,120.7412298894017,1.548924765341578e-12,3.5568402101902623
63.79999999999999,0.0,1.9617311613433626,0.03337491484392793,120.96323688222891,1.703817241875736e-11,3.556146872749805
63.89999999999999,0.0,1.9650674497981808,0.03335085425244626,121.18517751453837,8.054408779776206e-12,3.5554544111780366
64.0,0.0,1.9684013312251611,0.033326774287144575,121.40705171902353,2.2304516620918722e-11,3.5547628253587455
64.1,0.0,1.9717328036906383,0.033302675022365225,121.62885942841616,9.293548592049469e-13,3.5540721151722154
64.2,0.0,1.975061865268363,0.03327855653214833,121.85060057548647,2.3543656433191983e-11,3.5533822804952315
64.3,0.0,1.978388514039481,0.03325441889023124,122.07227509304307,5.266344202161365e-12,3.5526933212010805
64.39999999999999,0.0,1.9817127480924965,0.033230262170047535,122.2938829139332,3.252742007217314e-11,3.552005237159558
64.5,0.0,1.9850345655232338,0.03320608644472634,122.51542397104265,2.5402366151601876e-11,3.551318028236975
64.6,0.0,1.988353964434824,0.03318189178709153,122.73689819729596,1.0222903451254415e-11,3.5506316942961567
64.7,0.0,1.9916709429376618,0.03315767826966104,122.95830552565673,4.646774296024734e-12,3.549946235196451
64.8,0.0,1.9949854991493776,0.03313344596464608,123.17964588912706,9.9131184981861e-12,3.5492616507937327
64.89999999999999,0.0,1.9982976311948066,0.03310919494395063,123.4009192207485,1.98262369963722e-11,3.548577940940405
65.0,0.0,2.001607337205963,0.03308492527917072,123.62212545360138,-1.2391398122732624e-12,3.5478951054854084
65.1,0.0,2.0049146153220017,0.03306063704159385,123.8432645208053,-3.097849530683156e-12,3.5472131442742203
65.2,0.0,2.0082194636891906,0.03303633030219847,124.06433635551929,-1.548924765341578e-12,3.5465320571488648
65.3,0.0,2.011521880460884,0.03301200513165342,124.28534089094155,3.097849530683156e-12,3.5458518439479114
65.39999999999999,0.0,2.014821863797482,0.03298766160031742,124.50627806030988,1.1152258310459361e-11,3.545172504506485
65.5,0.0,2.0181194118664094,0.03296329977823871,124.72714779690159,2.1994731667850408e-11,3.5444940386562664
65.6,0.0,2.02141452284208,0.03293891973515444,124.94795003403362,6.505484014434628e-12,3.5438164462254984
65.7,0.0,2.024707194905861,0.03291452154049048,125.16868470506277,-1.548924765341578e-12,3.54313972703899
65.8,0.0,2.0279974262460545,0.03289010526336092,125.38935174338567,2.5092581198533562e-11,3.542463880918122
65.9,0.0,2.031285215057851,0.03286567097256777,125.60995108243868,-4.646774296024734e-12,3.541788907680853
65.99999999999999,0.0,2.0345705595433095,0.03284121873660061,125.83048265569855,2.3543656433191983e-11,3.5411148071417187
66.1,0.0,2.03785345791132,0.03281674862363641,126.05094639668187,9.293548592049469e-13,3.540441579111839
66.2,0.0,2.041133908377581,0.032792260701539226,126.27134223894566,1.9206667090235565e-11,3.5397692233989266
66.3,0.0,2.0444119091645505,0.03276775503785999,126.49167011608709,1.0842473357391046e-11,3.539097739807285
66.4,0.0,2.0476874585014344,0.032743231699836325,126.71192996174398,2.4473011292396934e-11,3.53842712813782
66.5,0.0,2.050960554624145,0.032718690754392404,126.93212170959443,1.827731223103062e-11,3.5377573881880395
66.6,0.0,2.0542311957752726,0.03269413226813887,127.15224529335747,2.044580690250883e-11,3.5370885197520594
66.69999999999999,0.0,2.0574993802040495,0.03266955630737264,127.3723006467925,1.2391398122732624e-12,3.536420522620609
66.8,0.0,2.060765106166321,0.032644962938076866,127.59228770370001,3.097849530683156e-12,3.5357533965810335
66.9,0.0,2.0640283719245196,0.032620352225921086,127.81220639792144,2.044580690250883e-11,3.535087141417305
67.0,0.0,2.06728917574763,0.0325957242362609,128.032056663339,7.434838873639575e-12,3.5344217569100174
67.1,0.0,2.07054751591115,0.03257107903413826,128.25183843387632,1.1462043263527678e-11,3.5337572428363995
67.19999999999999,0.0,2.0738033906970696,0.0325464166842814,128.47155164349803,1.6418602512620725e-11,3.5330935989703174
67.3,0.0,2.07705679839384,0.032521737251104924,128.69119622621022,1.053268840432273e-11,3.532430825082278
67.39999999999999,0.0,2.08030773729633,0.032497040798709985,128.91077211606046,1.2391398122732624e-11,3.531768920939435
67.5,0.0,2.0835562057058103,0.032472327390884334,129.1302792471377,8.054408779776206e-12,3.5311078863055925
67.60000000000001,0.0,2.0868022019299097,0.032447597091102516,129.3497175535727,4.646774296024734e-12,3.530447720941211
67.69999999999999,0.0,2.090045724282591,0.032422849962526125,129.56908696953786,2.1994731667850408e-11,3.5297884246034124
67.8,0.0,2.093286771084117,0.03239808606800392,129.7883874292474,3.097849530683156e-12,3.529129997045985
67.89999999999999,0.0,2.0965253406610205,0.03237330547007217,130.00761886695767,2.6331721010806827e-11,3.528472438019389
68.0,0.0,2.099761431346072,0.032348508230954885,130.22678121696688,1.703817241875736e-11,3.5278157472707563
68.10000000000001,0.0,2.1029950414782475,0.03232369441256405,130.4458744136155,6.195699061366312e-12,3.5271599245439025
68.19999999999999,0.0,2.106226169402702,0.03229886407650016,130.6648983912863,1.4250107841142516e-11,3.526504969579329
68.3,0.0,2.109454813470728,0.03227401728405234,130.88385308440434,2.7880645776148402e-12,3.525850882114226
68.39999999999999,0.0,2.1126809720397413,0.03224915409619889,131.1027384274372,1.5179462700347464e-11,3.5251976618824807
68.5,0.0,2.1159046434732316,0.03222427457360756,131.32155435489508,2.726107587001177e-11,3.5245453086146794
68.6,0.0,2.1191258261407433,0.032199378776636214,131.54030080133083,2.4163226339328614e-11,3.5238938220381173
68.7,0.0,2.1223445184178424,0.032174466765333004,131.75897770134014,-4.336989342956418e-12,3.5232432018767956
68.8,0.0,2.1255607186860805,0.032149538599437026,131.97758498956162,3.1288280259899875e-11,3.522593447851435
68.89999999999999,0.0,2.128774425332973,0.03212459433837882,132.19612260067683,3.7174194368197875e-12,3.521944559679474
69.0,0.0,2.1319856367519554,0.03209963404128088,132.41459046941048,6.815268967502943e-12,3.5212965370750777
69.1,0.0,2.1351943513423675,0.032074657766958226,132.6329885305306,1.1462043263527678e-11,3.520649379749142
69.2,0.0,2.1384005675094113,0.032049665573919,132.85131671884847,1.1152258310459361e-11,3.5200030874093016
69.3,0.0,2.141604283664125,0.032024657520365034,133.06957496921885,3.438612979058303e-11,3.519357659759926
69.39999999999999,0.0,2.144805498223352,0.031999633664192485,133.28776321654,-4.646774296024734e-12,3.5187130965021383
69.5,0.0,2.148004209609711,0.03197459406299265,133.50588139575402,2.3543656433191983e-11,3.5180693973338055
69.6,0.0,2.1512004162515637,0.031949538774052405,133.72392944184654,3.593505455592461e-11,3.517426561949557
69.7,0.0,2.1543941165829845,0.031924467854355085,133.9419072898474,2.1994731667850408e-11,3.5167845900407815
69.8,0.0,2.1575853090437307,0.03189938136058114,134.15981487483015,9.293548592049467e-12,3.5161434812956327
69.89999999999999,0.0,2.1607739920792155,0.03187427934910892,134.37765213191264,1.0842473357391046e-11,3.515503235399039
70.0,0.0,2.1639601641404718,0.03184916187601548,134.59541899625683,3.5625269602856294e-11,3.5148638520327053
70.1,0.0,2.1671438236841265,0.031824028997077265,134.81311540306902,-1.548924765341578e-12,3.5142253308751172
70.2,0.0,2.1703249691723694,0.031798880767771064,135.03074128760014,2.881000063535335e-11,3.51358767160155
70.3,0.0,2.1735035990729212,0.03177371724327475,135.2482965851454,2.726107587001177e-11,3.512950873884073
70.4,0.0,2.1766797118590087,0.031748538478468244,135.46578123104484,1.1771828216595992e-11,3.51231493739155
70.49999999999999,0.0,2.1798533060093286,0.031723344527934356,135.6831951606833,2.38534413862603e-11,3.5116798617896507
70.6,0.0,2.183024380008024,0.03169813544595963,135.90053830949049,1.2391398122732624e-11,3.511045646740853
70.7,0.0,2.1861929323446483,0.0316729112865354,136.11781061294099,1.2701183075800938e-11,3.5104122919044496
70.8,0.0,2.1893589615141438,0.03164767210335863,136.33501200655476,2.168494671478209e-11,3.5097797969365514
70.9,0.0,2.1925224660168015,0.03162241794983292,136.55214242589676,6.505484014434628e-12,3.5091481614900952
70.99999999999999,0.0,2.195683444358247,0.031597148879069586,136.76920180657743,1.6728387465689042e-11,3.5085173852148466
71.1,0.0,2.1988418950493953,0.03157186494388859,136.98619008425257,3.1288280259899875e-11,3.5078874677574086
71.2,0.0,2.201997816606431,0.031546566196819475,137.20310719462367,0.0,3.5072584087612233
71.3,0.0,2.2051512075507764,0.03152125269010266,137.41995307343782,-5.266344202161365e-12,3.5066302078665808
71.4,0.0,2.208302066409066,0.03149592447569031,137.63672765648798,1.2391398122732624e-11,3.50600286471062
71.5,0.0,2.211450391713113,0.03147058160524754,137.8534308796129,2.168494671478209e-11,3.50537637892734
71.6,0.0,2.214596181999884,0.03144522413015346,138.07006267869744,2.044580690250883e-11,3.5047507501476
71.69999999999999,0.0,2.217739435811466,0.031419852101502325,138.28662298967268,3.4076344837514714e-12,3.5041259779991294
71.8,0.0,2.2208801516950465,0.03139446557010473,138.50311174851583,2.942957054148998e-11,3.503502062106529
71.9,0.0,2.2240183282028765,0.03136906458648871,138.71952889125046,1.2391398122732624e-11,3.5028790020912797
72.0,0.0,2.2271539638922455,0.03134364920090103,138.93587435394673,6.195699061366312e-13,3.5022567975717465
72.1,0.0,2.230287057325457,0.031318219463308226,139.15214807272136,2.0136021949440513e-11,3.5016354481631855
72.19999999999999,0.0,2.23341760706979,0.03129277542339801,139.3683499837378,2.4782796245465248e-11,3.501014953477745
72.3,0.0,2.2365456116974904,0.031267317130580397,139.58448002320623,-2.323387148012367e-11,3.5003953131244794
72.39999999999999,0.0,2.23967106978572,0.031241844633988908,139.8005381273839,1.3940322888074202e-11,3.4997765267093435
72.5,0.0,2.2427939799165433,0.031216357982482082,140.0165242325751,1.610881755955241e-11,3.4991585938352094
72.60000000000001,0.0,2.245914340676898,0.031190857224644482,140.23243827513124,1.2081613169664307e-11,3.498541514101864
72.69999999999999,0.0,2.24903215065857,0.031165342408788196,140.44828019145106,2.0755591855577144e-11,3.4979252871060185
72.8,0.0,2.252147408458157,0.031139813582954135,140.66404991798063,-3.7174194368197875e-12,3.4973099124413123
72.89999999999999,0.0,2.255260112677051,0.031114270794913235,140.87974739121373,3.500569969671966e-11,3.4966953896983215
73.0,0.0,2.2583702619214043,0.03108871409216805,141.09537254769157,2.38534413862603e-11,3.4960817184645583
73.10000000000001,0.0,2.2614778548021106,0.031063143521953905,141.31092532400325,1.9206667090235565e-11,3.4954688983244835
73.19999999999999,0.0,2.2645828899347706,0.03103755913124041,141.52640565678567,2.044580690250883e-11,3.49485692885951
73.3,0.0,2.2676853659396694,0.031011960966732834,141.74181348272367,2.757086082308009e-11,3.4942458096480045
73.39999999999999,0.0,2.270785281441749,0.030986349074873527,141.95714873855042,2.4473011292396934e-11,3.493635540265298
73.5,0.0,2.273882635070585,0.03096072350184332,142.17241136104695,-1.2081613169664307e-11,3.493026120283693
73.6,0.0,2.276977425460355,0.030935084293563033,142.38760128704303,2.6331721010806827e-11,3.492417549272461
73.7,0.0,2.280069651249819,0.03090943149569489,142.60271845341646,1.3010968028869256e-11,3.4918098267978572
73.8,0.0,2.2831593110822865,0.030883765153643997,142.8177627970939,3.066871035376325e-11,3.4912029524231207
73.89999999999999,0.0,2.2862464036055963,0.03085808531255989,143.03273425505063,-9.293548592049469e-13,3.490596925708482
74.0,0.0,2.2893309274720908,0.030832392017337947,143.24763276431065,2.0136021949440513e-11,3.4899917462111683
74.1,0.0,2.292412881338589,0.03080668531262101,143.46245826194692,2.5402366151601876e-11,3.4893874134854115
74.2,0.0,2.2954922638663597,0.030780965242800804,143.67721068508143,-4.646774296024734e-12,3.488783927082451
74.29999999999998,0.0,2.2985690737211,0.030755231852019598,143.89188997088536,3.996225894581271e-11,3.4881812865505384
74.39999999999999,0.0,2.30164330957291,0.030729485184171637,144.10649605657903,2.044580690250883e-11,3.4875794914349507
74.5,0.0,2.3047149700962635,0.030703725282904826,144.32102887943222,3.283720502524145e-11,3.486978541277986
74.6,0.0,2.30778405396999,0.03067795219162224,144.5354883767642,9.293548592049467e-12,3.486378435618978
74.7,0.0,2.3108505598772457,0.030652165953483742,144.74987448594388,3.0049140447626614e-11,3.485779173994294
74.8,0.0,2.313914486505491,0.030626366611407593,144.9641871443897,1.4559892794210833e-11,3.485180755937351
74.89999999999999,0.0,2.316975832546465,0.030600554208072023,145.17842628957033,9.293548592049469e-13,3.484583180978611
75.0,0.0,2.3200345966961633,0.030574728785916935,145.39259185900391,-1.332075298193757e-11,3.4839864486455894
75.1,0.0,2.323090777654816,0.030548890387145467,145.60668379025907,7.74462382670789e-12,3.4833905584628697
75.2,0.0,2.326144374126861,0.030523039053725734,145.82070202095437,5.266344202161365e-12,3.4827955099520964
75.3,0.0,2.329195384820916,0.030497174827392365,146.0346464887587,2.4473011292396934e-11,3.48220130263199
75.4,0.0,2.3322438084497676,0.030471297749648272,146.24851713139154,5.5761291552296805e-12,3.4816079360183503
75.49999999999999,0.0,2.3352896437303396,0.030445407861766294,146.46276762212088,9.293548592049467e-12,3.48101540962406
75.6,0.0,2.3383328893836666,0.030419505204790885,146.67964201542162,2.106537680864546e-11,3.4804237229590953
75.7,0.0,2.3413735441348833,0.03039358981953983,146.89645450255148,1.053268840432273e-11,3.479832875530527
75.8,0.0,2.3444116067131917,0.030367661746605927,147.11320502774365,1.548924765341578e-12,3.4792428668425304
75.9,0.0,2.347447075851839,0.03034172102635876,147.32989353524877,9.293548592049467e-12,3.478653696396388
75.99999999999999,0.0,2.350479950288105,0.03031576769894634,147.54651996933515,1.98262369963722e-11,3.478065363690501
76.1,0.0,2.353510228763267,0.030289801804296895,147.76308427428876,3.5625269602856294e-11,3.4774778682203866
76.19999999999999,0.0,2.3565379100225874,0.030263823382120664,147.97958639441336,2.9119785588421666e-11,3.4768912094786915
76.3,0.0,2.359562992815288,0.03023783247191151,148.19602627403052,2.106537680864546e-11,3.476305386955196
76.4,0.0,2.362585475894531,0.030211829112948882,148.41240385747975,5.5761291552296805e-12,3.475720400136818
76.5,0.0,2.365605358017394,0.030185813344299345,148.62871908911848,3.6864409415129555e-11,3.475136248507621
76.6,0.0,2.3686226379448496,0.03015978520481856,148.84497191332215,-6.195699061366312e-13,3.4745529315488204
76.69999999999999,0.0,2.3716373144417484,0.03013374473315296,149.06116227448447,2.664150596387514e-11,3.473970448738787
76.8,0.0,2.3746493862767926,0.03010769196774157,149.27729011701715,0.0,3.473388799553057
76.9,0.0,2.377658852222521,0.030081626946817826,149.49335538535027,1.6418602512620725e-11,3.472807983464334
77.0,0.0,2.3806657110552822,0.030055549708411313,149.70935802393217,1.2701183075800938e-11,3.472227999942502
77.1,0.0,2.3836699615552215,0.03002946029034967,149.92529797722966,1.4250107841142516e-11,3.471648848454619
77.19999999999999,0.0,2.386671602506252,0.0300033587302603,150.14117518972796,-2.7880645776148402e-12,3.4710705284649377
77.3,0.0,2.389670632696043,0.02997724506557232,150.35698960593095,3.841333418047113e-11,3.4704930394349005
77.39999999999999,0.0,2.3926670509159975,0.02995111933351826,150.57274117036098,1.3630537935005885e-11,3.4699163808231517
77.5,0.0,2.3956608559612302,0.029924981571136006,150.78842982755924,1.6728387465689042e-11,3.469340552085544
77.60000000000001,0.0,2.39865204663055,0.029898831815270577,151.00405552208568,4.2750323523427555e-11,3.468765552675139
77.69999999999999,0.0,2.4016406217264423,0.02987267010257595,151.21961819851907,1.9206667090235565e-11,3.468191382042219
77.8,0.0,2.4046265800550484,0.029846496469517033,151.43511780145718,-8.673978685912837e-12,3.4676180396342913
77.89999999999999,0.0,2.4076099204261423,0.029820310952371348,151.65055427551678,2.4163226339328614e-11,3.4670455248960934
78.0,0.0,2.4105906416531226,0.029794113587231,151.8659275653337,0.0,3.4664738372696022
78.1,0.0,2.413568742552984,0.029767904410004573,152.081237615563,1.827731223103062e-11,3.4659029761940365
78.19999999999999,0.0,2.416544221946305,0.029741683456418883,152.29648437087903,1.2701183075800938e-11,3.465332941105865
78.3,0.0,2.419517078657227,0.029715450762020937,152.51166777597535,1.9516452043303882e-11,3.464763731438813
78.39999999999999,0.0,2.422487311513438,0.029689206362179758,152.72678777556519,3.3456774931378085e-11,3.464195346623869
78.5,0.0,2.4254549193461505,0.02966295029208833,152.94184431438097,1.1152258310459361e-11,3.463627786089291
78.6,0.0,2.428419900990093,0.029636682586765387,153.156837337175,3.655462446206124e-11,3.463061049260609
78.7,0.0,2.431382255283485,0.029610403281057403,153.3717667887191,8.364193732844521e-12,3.462495135560636
78.8,0.0,2.43434198106802,0.0295841124096404,153.5866326138049,4.089161380501766e-11,3.4619300444094727
78.89999999999999,0.0,2.437299077188852,0.029557810007021876,153.8014347572438,6.195699061366312e-12,3.4613657752245146
79.0,0.0,2.440253542494581,0.029531496107542653,154.0161731638674,1.610881755955241e-11,3.460802327420457
79.1,0.0,2.443205375837227,0.029505170745378884,154.23084777852702,1.610881755955241e-11,3.4602397004093004
79.2,0.0,2.4461545760722236,0.029478833954543805,154.44545854609416,3.0049140447626614e-11,3.4596778936003614
79.3,0.0,2.4491011420583955,0.02945248576888976,154.66000541146067,3.624483950899293e-11,3.459116906400273
79.39999999999999,0.0,2.452045072657945,0.02942612622210999,154.87448831953847,2.1994731667850408e-11,3.458556738212996
79.5,0.0,2.4549863667364367,0.02939975534774066,155.08890721526,2.757086082308009e-11,3.4579973884398223
79.6,0.0,2.4579250231627827,0.029373373179162637,155.30326204357812,1.703817241875736e-11,3.4574388564793823
79.7,0.0,2.4608610408092204,0.029346979749603496,155.51755274946623,3.77937642743345e-11,3.4568811417276546
79.8,0.0,2.4637944185513088,0.02932057509213937,155.73177927791835,-5.266344202161365e-12,3.456324243577963
79.89999999999999,0.0,2.4667251552678997,0.02929415923969687,155.9459415739493,1.7657742324893987e-11,3.4557681614209943
80.0,0.0,2.469653249841137,0.029267732225054997,156.16003958259472,1.0222903451254415e-11,3.4552128946447973
80.1,0.0,2.4725787011564337,0.02924129408084705,156.3740732489111,4.832645267865723e-11,3.454658442634792
80.2,0.0,2.475501508102454,0.029214844839562503,156.5880425179759,2.5092581198533562e-11,3.4541048047737766
80.3,0.0,2.4784216695711088,0.029188384533548987,156.8019473348879,4.1201398758085973e-11,3.4535519804419317
80.4,0.0,2.481339184457537,0.02916191319501411,157.01578764476673,1.9516452043303882e-11,3.4529999690168283
80.49999999999999,0.0,2.4842540516600886,0.029135430856027406,157.2295633927537,2.1994731667850408e-11,3.4524487698734334
80.6,0.0,2.4871662700803165,0.02910893754852225,157.44327452401123,4.925580753786218e-11,3.451898382384119
80.7,0.0,2.490075838622957,0.02908243330429775,157.65692098372318,3.097849530683156e-13,3.4513488059186646
80.8,0.0,2.4929827561959237,0.029055918155020642,157.87050271709526,1.2701183075800938e-11,3.4508000398442666
80.9,0.0,2.495887021710285,0.029029392132227185,158.08401966935466,4.8016667725588915e-11,3.450252083525544
80.99999999999999,0.0,2.4987886340802636,0.029002855267325146,158.29747178575028,-1.2391398122732624e-12,3.4497049363245473
81.1,0.0,2.501687592223209,0.02897630759159557,158.51085901155298,1.2391398122732624e-11,3.4491585976007575
81.19999999999999,0.0,2.5045838950595987,0.028949749136194726,158.7241812920556,6.195699061366312e-13,3.4486130667111023
81.3,0.0,2.507477541513017,0.028923179932156082,158.93743857257297,3.1288280259899875e-11,3.448068343009957
81.4,0.0,2.5103685305101453,0.028896600010392123,159.150630798442,7.434838873639575e-12,3.4475244258491515
81.5,0.0,2.513256860980749,0.02887000940169621,159.36375791502206,1.3010968028869256e-11,3.4469813145779793
81.6,0.0,2.516142531857671,0.028843408136744537,159.5768198676947,4.089161380501766e-11,3.4464390085432
81.69999999999999,0.0,2.519025542076813,0.028816796246098026,159.78981660186392,3.097849530683156e-11,3.4458975070890503
81.8,0.0,2.521905890577127,0.028790173760204152,160.00274806295636,1.3940322888074202e-11,3.4453568095572478
81.89999999999999,0.0,2.524783576300609,0.028763540709398846,160.21561419642123,1.98262369963722e-11,3.444816915286999
82.0,0.0,2.527658598192273,0.02873689712390841,160.42841494773057,6.505484014434628e-12,3.4442778236150056
82.1,0.0,2.530530955200161,0.02871024303385132,160.64115026237914,3.655462446206124e-11,3.443739533875469
82.19999999999999,0.0,2.533400646275317,0.028683578469240165,160.85382008588476,2.3543656433191983e-11,3.4432020454001018
82.3,0.0,2.5362676703717772,0.028656903459983497,161.06642436378826,1.6418602512620725e-11,3.4426653575181287
82.39999999999999,0.0,2.5391320264465707,0.028630218035887667,161.27896304165355,2.1994731667850408e-11,3.4421294695562974
82.5,0.0,2.5419937134596986,0.028603522226658698,161.49143606506792,1.3630537935005885e-11,3.4415943808388834
82.60000000000001,0.0,2.5448527303741275,0.02857681606190418,161.70384337964197,2.0755591855577144e-11,3.441060090687698
82.69999999999999,0.0,2.547709076155779,0.028550099571135044,161.91618493100972,3.159806521296819e-11,3.4405265984220916
82.8,0.0,2.550562749773524,0.02852337278376748,162.1284606648287,2.4163226339328614e-11,3.439993903358966
82.89999999999999,0.0,2.5534137501991685,0.028496635729124746,162.3406705267803,2.5092581198533562e-11,3.439462004812774
83.0,0.0,2.5562620764074464,0.02846988843643901,162.55281446256944,1.1462043263527678e-11,3.4389309020955348
83.1,0.0,2.5591077273760106,0.02844313093485319,162.7648924179251,1.889688213716725e-11,3.4384005945168323
83.19999999999999,0.0,2.5619507020854257,0.028416363253422776,162.97690433860004,4.027204389888103e-12,3.4378710813838254
83.3,0.0,2.5647909995191522,0.02838958542111764,163.18885017037138,2.044580690250883e-11,3.4373423620012575
83.39999999999999,0.0,2.56762861866355,0.028362797466823894,163.40072985904013,7.434838873639575e-12,3.436814435671458
83.5,0.0,2.5704635585078575,0.028335999419345646,163.6125433504317,4.336989342956418e-12,3.4362873016943523
83.6,0.0,2.5732958180441945,0.02830919130740685,163.82429059039606,3.159806521296819e-11,3.4357609593674683
83.7,0.0,2.576125396267548,0.028282373159653082,164.03597152480734,2.4163226339328614e-11,3.435235407985941
83.8,0.0,2.578952292175762,0.02825554500465338,164.24758609956456,3.6864409415129555e-11,3.434710646842523
83.89999999999999,0.0,2.5817765047695405,0.028228706870901947,164.45913426059124,3.097849530683156e-12,3.4341866752275885
84.0,0.0,2.584598033052427,0.028201858786819998,164.67061595383595,5.885914108297996e-12,3.4336634924291385
84.1,0.0,2.5874168760308045,0.028175000780757544,164.88203112527202,1.889688213716725e-11,3.433141097732813
84.2,0.0,2.5902330327138934,0.02814813288099511,165.09337972089787,4.089161380501766e-11,3.4326194904218927
84.3,0.0,2.59304650211373,0.02812125511574557,165.30466168673695,2.478279624546525e-12,3.432098669777309
84.39999999999999,0.0,2.595857283245176,0.028094367513155808,165.51587696883814,4.863623763172555e-11,3.431578635077647
84.5,0.0,2.598665375125899,0.02806747010130855,165.72702551327546,6.505484014434627e-11,3.4310593855991587
84.6,0.0,2.6014707767763756,0.028040562908224057,165.93810726614856,3.066871035376325e-11,3.4305409206157615
84.7,0.0,2.604273487219879,0.02801364596186191,166.14912217358255,1.9206667090235565e-11,3.4300232393990524
84.8,0.0,2.60707350548248,0.027986719290122707,166.3600701817283,3.0049140447626614e-11,3.429506341218312
84.89999999999999,0.0,2.6098708305930267,0.027959782920849767,166.57095123676234,1.486967774727915e-11,3.428990225340509
84.99999999999999,0.0,2.6126654615831604,0.027932836881830837,166.78176528488723,1.548924765341578e-11,3.42847489103031
85.1,0.0,2.615457397487292,0.027905881200799895,166.99251227233148,8.364193732844521e-12,3.427960337550087
85.2,0.0,2.618246637342605,0.02787891590543871,167.20319214534962,2.323387148012367e-11,3.4274465641599217
85.3,0.0,2.621033180189045,0.027851941023378627,167.4138048502225,2.6331721010806827e-11,3.426933570117615
85.4,0.0,2.6238170250693247,0.02782495658220221,167.6243503332572,2.0755591855577144e-11,3.426421354678689
85.49999999999999,0.0,2.626598171028905,0.027797962609444945,167.83482854078738,3.066871035376325e-11,3.425909917096399
85.6,0.0,2.6293766171160082,0.027770959132596876,168.04523941917304,9.603333545117783e-12,3.425399256621742
85.7,0.0,2.632152362381593,0.02774394617910426,168.25558291480107,3.407634483751472e-11,3.4248893725034555
85.8,0.0,2.634925405879367,0.027716923776371263,168.46585897408482,3.6864409415129555e-11,3.4243802639880294
85.9,0.0,2.6376957466657727,0.027689891951761542,168.67606754346485,2.5402366151601876e-11,3.423871930319717
85.99999999999999,0.0,2.6404633837999913,0.02766285073259989,168.8862085694084,6.815268967502943e-12,3.4233643707405315
86.1,0.0,2.6432283163439307,0.02763580014617395,169.09628199841,3.407634483751472e-11,3.4228575844902647
86.19999999999999,0.0,2.6459905433622253,0.02760874021973566,169.3062877769913,4.18209686642226e-11,3.4223515708064833
86.3,0.0,2.648750063922238,0.027581670980503004,169.5162258517012,1.6728387465689042e-11,3.4218463289245444
86.4,0.0,2.6515068770940453,0.027554592455661532,169.72609616911618,3.8103549227402817e-11,3.421341858077596
86.5,0.0,2.6542609819504484,0.02752750467236599,169.93589867583998,1.4559892794210833e-11,3.420838157496588
86.6,0.0,2.657012377566953,0.027500407657741872,170.1456333185043,4.2750323523427555e-11,3.420335226410278
86.69999999999999,0.0,2.659761063021784,0.027473301438886998,170.35530004376838,2.1994731667850408e-11,3.4198330640452386
86.8,0.0,2.662507037395873,0.02744618604287307,170.56489879831935,-8.673978685912837e-12,3.419331669625859
86.89999999999999,0.0,2.6652502997728527,0.02741906149674723,170.77442952887236,1.4250107841142516e-11,3.4188310423743635
87.0,0.0,2.6679908492390667,0.027391927827533583,170.98389218217056,1.7967527277962304e-11,3.4183311815108084
87.1,0.0,2.6707286848835556,0.027364785062234755,171.1932867049854,1.4559892794210833e-11,3.417832086253092
87.19999999999999,0.0,2.6734638057980606,0.027337633227833367,171.40261304411644,1.7347957371825673e-11,3.417333755816963
87.3,0.0,2.6761962110770154,0.027310472351293632,171.6118711463919,3.5625269602856294e-11,3.4168361894160233
87.39999999999999,0.0,2.6789258998175587,0.02728330245956274,171.8210609586683,4.336989342956418e-11,3.416339386261743
87.5,0.0,2.681652871119514,0.027256123579572435,172.03018242783094,3.4695914743651346e-11,3.415843345563458
87.60000000000001,0.0,2.684377124085404,0.027228935738240468,172.23923550079368,1.5799032606484095e-11,3.4153480665283844
87.69999999999999,0.0,2.687098657820441,0.027201738962472098,172.44822012449944,1.548924765341578e-12,3.4148535483616205
87.8,0.0,2.689817471432523,0.02717453327916145,172.65713624592004,5.328301192775028e-11,3.4143597902661558
87.89999999999999,0.0,2.692533564032241,0.02714731871519313,172.86598381205616,1.9516452043303882e-11,3.4138667914428797
88.0,0.0,2.6952469347328734,0.027120095297443504,173.07476276993793,0.0,3.413374551090585
88.1,0.0,2.697957582650384,0.0270928630527822,173.28347306662474,2.4163226339328614e-11,3.4128830684059768
88.2,0.0,2.7006655069034258,0.027065622008073564,173.49211464920518,6.195699061366312e-12,3.4123923425836815
88.3,0.0,2.703370706613338,0.027038372190177976,173.70068746479754,2.3543656433191983e-11,3.411902372816249
88.39999999999999,0.0,2.706073180904146,0.027011113625953317,173.90919146054966,-1.2391398122732624e-12,3.4114131582941654
88.5,0.0,2.7087729289025564,0.026983846342256344,174.11762658363907,3.655462446206124e-11,3.410924698205853
88.6,0.0,2.711469949737966,0.026956570365944028,174.32599278127324,4.863623763172555e-11,3.4104369917376856
88.7,0.0,2.714164242542457,0.026929285723874933,174.5342900006895,5.76200012707067e-11,3.4099500380739887
88.79999999999998,0.0,2.7168558064507953,0.02690199244291062,174.74251818915522,2.3543656433191983e-11,3.4094638363970513
88.89999999999999,0.0,2.7195446406004375,0.02687469054991695,174.9506772939681,5.390258183388691e-11,3.408978385887129
89.0,0.0,2.7222307441315223,0.02684738007176534,175.15876726245594,1.3010968028869256e-11,3.4084936857224544
89.1,0.0,2.7249141161868766,0.026820061035334235,175.366788041977,2.4473011292396934e-11,3.4080097350792427
89.2,0.0,2.7275947559120195,0.02679273346751028,175.57473957991996,-6.195699061366312e-12,3.4075265331316964
89.3,0.0,2.730272662455154,0.0267653973951897,175.78262182370426,1.053268840432273e-11,3.4070440790520182
89.39999999999999,0.0,2.7329478349671787,0.026738052845279546,175.9904347207799,-1.8587097184098938e-12,3.406562372010412
89.5,0.0,2.7356202726016754,0.026710699844698996,176.1981782186278,1.9206667090235565e-11,3.4060814111750948
89.6,0.0,2.7382899745149314,0.026683338420380585,176.40585226475972,2.9119785588421666e-11,3.4056011957122987
89.7,0.0,2.740956939865913,0.026655968599271457,176.61345680671855,1.548924765341578e-12,3.4051217247862837
89.8,0.0,2.7436211678162943,0.026628590408334662,176.82099179207836,5.76200012707067e-11,3.40464299755934
89.89999999999999,0.0,2.746282657530437,0.02660120387455029,177.02845716844425,2.4163226339328614e-11,3.4041650131917978
89.99999999999999,0.0,2.7489414081754115,0.026573809024916788,177.23585288345294,2.6021936057738513e-11,3.403687770842034
90.1,0.0,2.7515974189209795,0.026546405886452063,177.4431788847725,5.142430220934039e-11,3.4032112696664787
90.2,0.0,2.754250688939611,0.02651899448619477,177.6504351201026,4.151118371115429e-11,3.4027355088196227
90.3,0.0,2.756901217406482,0.026491574851205384,177.85762153717465,4.4609033241837444e-11,3.4022604874540234
90.4,0.0,2.7595490034994716,0.02646414700856754,178.06473808375176,5.142430220934039e-11,3.4017862047203145
90.49999999999999,0.0,2.7621940463991677,0.026436710985388953,178.27178470762894,2.881000063535335e-11,3.401312659767209
90.6,0.0,2.7648363452888782,0.02640926680880276,178.47876135663333,-8.054408779776206e-12,3.400839851741512
90.69999999999999,0.0,2.7674758993546167,0.02638181450596859,178.68566797862414,9.9131184981861e-12,3.4003677797881227
90.8,0.0,2.7701127077851195,0.026354354104073663,178.89250452149258,3.097849530683156e-11,3.3998964430500447
90.9,0.0,2.7727467697718398,0.02632688563033386,179.09927093316264,3.221763511910482e-11,3.3994258406683904
90.99999999999999,0.0,2.775378084508956,0.026299409111994965,179.3059671615903,1.1771828216595992e-11,3.39895597178239
91.1,0.0,2.7780066511933725,0.0262719245763336,179.51259315476437,2.6021936057738513e-11,3.398486835529401
91.19999999999999,0.0,2.780632469024722,0.026244432050658368,179.71914886070618,3.035892540069493e-11,3.398018431044909
91.3,0.0,2.7832555372053704,0.026216931562310888,179.92563422746977,2.4782796245465248e-11,3.3975507574625397
91.4,0.0,2.78587585494042,0.026189423138666873,180.1320492031422,2.819043072921672e-11,3.3970838139140653
91.5,0.0,2.7884934214377095,0.026161906807137102,180.33839373584337,2.4473011292396934e-11,3.396617599529412
91.6,0.0,2.7911082359078248,0.02613438259516854,180.5446677737262,1.8587097184098934e-11,3.396152113436663
91.69999999999999,0.0,2.793720297564095,0.026106850530245265,180.75087126497704,3.96524739927444e-11,3.395687354762072
91.8,0.0,2.7963296056226015,0.02607931063988951,180.95700415781505,3.097849530683156e-12,3.395223322630066
91.89999999999999,0.0,2.79893615930218,0.026051762951662602,181.1630664004933,2.7880645776148405e-11,3.394760016163254
92.0,0.0,2.801539957824422,0.026024207493166016,181.36905794129802,1.486967774727915e-11,3.394297434482435
92.10000000000001,0.0,2.804141000413681,0.025996644292042268,181.57497872854913,1.053268840432273e-11,3.3938355767066013
92.19999999999999,0.0,2.806739286297083,0.02596907337597589,181.7808287106001,3.159806521296819e-11,3.393374441952951
92.3,0.0,2.809334814704515,0.02594149477269434,181.9866078358384,4.95655924909305e-12,3.392914029336891
92.39999999999999,0.0,2.8119275848686494,0.02591390850996899,182.19231605268536,1.7347957371825673e-11,3.3924543379720458
92.5,0.0,2.8145175960249293,0.025886314615615955,182.39795330959612,2.9119785588421666e-11,3.3919953669702654
92.6,0.0,2.817104847411585,0.02585871311749706,182.60351955506016,2.3543656433191983e-11,3.391537115441632
92.69999999999999,0.0,2.819689338269636,0.025831104043520705,182.80901473760093,2.2924086527055356e-11,3.3910795824944646
92.8,0.0,2.8222710678428924,0.025803487421642686,183.01443880577645,3.035892540069493e-11,3.390622767235331
92.89999999999999,0.0,2.8248500353779695,0.025775863279867205,183.21979170817892,9.9131184981861e-12,3.3901666687690506
93.0,0.0,2.8274262401242756,0.025748231646247483,183.42507339343516,1.4250107841142516e-11,3.3897112861987044
93.1,0.0,2.829999681334031,0.025720592548886867,183.6302838102065,8.364193732844521e-12,3.38925661862564
93.2,0.0,2.8325703582622723,0.02569294601593944,183.83542290718907,3.3456774931378085e-11,3.3888026651494805
93.3,0.0,2.8351382701668495,0.02566529207561094,184.04049063311385,4.089161380501766e-11,3.388349424868131
93.39999999999999,0.0,2.8377034163084374,0.025637630756159515,184.24548693674657,2.261430157398704e-11,3.3878968968777867
93.5,0.0,2.84026579595054,0.025609962085896557,184.450411766888,1.3630537935005885e-11,3.3874450802729372
93.6,0.0,2.842825408359494,0.025582286093187457,184.6552650723742,5.885914108297996e-12,3.3869939741463773
93.7,0.0,2.845382252804476,0.025554602806452307,184.86004680207623,2.0755591855577144e-11,3.386543577589212
93.79999999999998,0.0,2.847936328557508,0.025526912254166746,185.0647569049004,9.293548592049469e-13,3.386093889690865
93.89999999999999,0.0,2.8504876348934594,0.025499214464862637,185.26939532978855,4.336989342956418e-11,3.385644909539085
94.0,0.0,2.8530361710900585,0.025471509467128787,185.47396202571807,1.3630537935005885e-11,3.3851966362199515
94.1,0.0,2.8555819364278965,0.025443797289611714,185.67845694170182,4.4609033241837444e-11,3.384749068817885
94.2,0.0,2.8581249301904283,0.02541607796101631,185.88288002678837,3.7174194368197875e-12,3.384302206415653
94.3,0.0,2.860665151663984,0.025388351510106474,186.0872312300621,6.164720566059481e-11,3.383856048094376
94.39999999999999,0.0,2.8632026001377735,0.0253606179657059,186.29151050064317,-8.673978685912837e-12,3.3834105929335365
94.5,0.0,2.865737274903893,0.025332877356698674,186.49571778768788,-2.478279624546525e-12,3.382965840010983
94.6,0.0,2.86826917525733,0.025305129712029893,186.69985304038858,3.4695914743651346e-11,3.382521788402945
94.7,0.0,2.8707983004959687,0.02527737506070638,186.90391620797357,2.044580690250883e-11,3.382078437184028
94.8,0.0,2.873324649920593,0.025249613431797262,187.10790723970769,4.522860314797408e-11,3.381635785427231
94.89999999999999,0.0,2.8758482228349043,0.025221844854434572,187.31182608489192,1.98262369963722e-11,3.3811938322039508
94.99999999999999,0.0,2.878369018545517,0.02519406935781387,187.5156726928638,3.159806521296819e-11,3.3807525765839865
95.1,0.0,2.880887036361967,0.025166286971194864,187.7194470129973,1.4559892794210833e-11,3.3803120176355503
95.2,0.0,2.8834022755967235,0.025138497723901875,187.92314899470327,6.195699061366312e-13,3.379872154425271
95.3,0.0,2.8859147355651844,0.02511070164532459,188.126778587429,2.8500215682285032e-11,3.379432986018206
95.4,0.0,2.888424415585696,0.02508289876491839,188.33033574065863,3.77937642743345e-11,3.3789945114778446
95.49999999999999,0.0,2.8909313149795515,0.025055089112205053,188.53382040391338,3.8103549227402817e-11,3.378556729866116
95.6,0.0,2.893435433071001,0.025027272716773206,188.7372325267513,2.2924086527055356e-11,3.3781196402433973
95.69999999999999,0.0,2.8959367691872537,0.02499944960827889,188.9405720587676,-1.1771828216595992e-11,3.3776832416685205
95.8,0.0,2.8984353226584902,0.024971619816445974,189.14383894959482,2.168494671478209e-11,3.37724753319878
95.9,0.0,2.9009310928178658,0.02494378337106677,189.3470331489024,-1.2391398122732624e-12,3.3768125138899374
96.0,0.0,2.9034240790015176,0.02491594030200238,189.55015460639737,1.5799032606484095e-11,3.3763781827962336
96.1,0.0,2.9059142805485787,0.024888090639183288,189.75320327182425,3.3456774931378085e-11,3.3759445389703906
96.19999999999999,0.0,2.9084016968011683,0.024860234412609688,189.9561790949649,1.5799032606484095e-11,3.375511581463621
96.3,0.0,2.9108863271044156,0.024832371652352053,190.15908202563904,2.8500215682285032e-11,3.3750793093256393
96.4,0.0,2.913368170806462,0.024804502388551468,190.36191201370394,3.283720502524145e-11,3.374647721604661
96.5,0.0,2.91584722725846,0.024776626651420063,190.56466900905454,4.18209686642226e-11,3.3742168173474147
96.6,0.0,2.918323495814593,0.024748744471241483,190.76735296162403,2.168494671478209e-11,3.3737865955991495
96.69999999999999,0.0,2.920796975832074,0.02472085587837121,190.96996382138323,4.0272043898881026e-11,3.3733570554036416
96.8,0.0,2.923267666671154,0.02469296090323696,191.17250153834112,1.7967527277962304e-11,3.3729281958032
96.89999999999999,0.0,2.9257355676951318,0.02466505957633912,191.37496606254493,4.0272043898881026e-11,3.3725000158386766
97.0,0.0,2.928200678270362,0.02463715192825096,191.5773573440799,3.4695914743651346e-11,3.3720725145494694
97.10000000000001,0.0,2.9306629977662553,0.024609237989619177,191.7796753330697,1.053268840432273e-11,3.371645690973535
97.19999999999999,0.0,2.9331225255552944,0.024581317791164077,191.98191997967643,3.035892540069493e-11,3.3712195441473893
97.3,0.0,2.9355792610130376,0.024553391363679917,192.1840912341005,4.0272043898881026e-11,3.3707940731061217
97.39999999999999,0.0,2.9380332035181214,0.024525458738035303,192.386189046581,1.3630537935005885e-11,3.3703692768833946
97.5,0.0,2.9404843524522812,0.024497519945173418,192.5882133673957,4.336989342956418e-11,3.3699451545114614
97.6,0.0,2.9429327072003466,0.024469575016112306,192.79016414686095,2.2304516620918722e-11,3.3695217050211608
97.69999999999999,0.0,2.9453782671502493,0.0244416239819452,192.99204133533195,2.3543656433191983e-11,3.3690989274419327
97.8,0.0,2.9478210316930396,0.024413666873840743,193.19384488320273,2.881000063535335e-11,3.3686768208018245
97.89999999999999,0.0,2.9502610002228824,0.024385703723043283,193.3955747409064,1.9206667090235565e-11,3.368255384127495
98.0,0.0,2.952698172137078,0.024357734560873086,193.59723085891514,2.4782796245465248e-11,3.3678346164442234
98.1,0.0,2.955132546836059,0.024329759418726518,193.79881318773994,8.673978685912837e-12,3.367414516775918
98.2,0.0,2.9575641237233987,0.024301778328076423,194.00032167793128,3.283720502524145e-11,3.3669950841451204
98.3,0.0,2.959992902205825,0.024273791320472162,194.20175628007883,3.221763511910482e-11,3.3665763175730157
98.39999999999999,0.0,2.962418881693226,0.024245798427539912,194.40311694481164,7.032118434650763e-11,3.3661582160794374
98.5,0.0,2.9648420615986524,0.024217799680982807,194.60440362279795,2.168494671478209e-12,3.3657407786828752
98.6,0.0,2.9672624413383297,0.024189795112581146,194.80561626474594,2.4473011292396934e-11,3.3653240044004837
98.7,0.0,2.969680020331669,0.02416178475419254,195.006754821403,2.5402366151601876e-11,3.364907892248087
98.79999999999998,0.0,2.9720947980012657,0.024133768637752056,195.20781924355632,4.0272043898881026e-11,3.364492441240187
98.89999999999999,0.0,2.9745067737729176,0.024105746795272383,195.40880948203278,2.8500215682285032e-11,3.364077650389973
99.0,0.0,2.976915947075624,0.024077719258843975,195.60972548769908,2.4782796245465248e-11,3.363663518709325
99.1,0.0,2.9793223173415972,0.02404968606063514,195.8105672114619,3.407634483751472e-11,3.3632500452088223
99.2,0.0,2.981725884006274,0.02402164723289215,196.01133460426757,5.514172164616018e-11,3.362837228897753
99.3,0.0,2.9841266465083156,0.023993602807939378,196.21202761710273,3.159806521296819e-11,3.362425068784116
99.39999999999999,0.0,2.9865246042896203,0.02396555281817936,196.412646200994,3.5315484649787974e-11,3.3620135638746342
99.49999999999999,0.0,2.9889197567953354,0.023937497296092885,196.61319030700827,2.168494671478209e-12,3.3616027131747583
99.6,0.0,2.9913121034738523,0.02390943627423908,196.81365988625242,1.1462043263527678e-11,3.361192515688674
99.7,0.0,2.993701643776827,0.023881369785255388,197.01405488987396,2.168494671478209e-11,3.3607829704193097
99.8,0.0,2.9960883771591837,0.023853297861857733,197.21437526906047,2.4782796245465248e-11,3.3603740763683443
99.89999999999999,0.0,2.9984723030791174,0.023825220536840507,197.41462097504018,-1.2391398122732624e-12,3.3599658325362127
99.99999999999999,0.0,3.0008534209981135,0.023797137843076552,197.6147919590818,2.168494671478209e-12,3.359558237922116
100.1,0.0,3.003231730380942,0.023769049813517247,197.81488817249453,2.9119785588421666e-11,3.359151291524025
100.2,0.0,3.0056072306956785,0.023740956481192472,198.01490956662846,3.8103549227402817e-11,3.3587449923386896
100.3,0.0,3.0079799214136984,0.023712857879210618,198.21485609287393,9.9131184981861e-12,3.358339339361646
100.4,0.0,3.010349802009697,0.023684754040758635,198.41472770266256,3.097849530683156e-11,3.357934331587222
100.49999999999999,0.0,3.01271687196169,0.02365664499910184,198.61452434746653,1.1771828216595992e-11,3.3575299680085466
100.6,0.0,3.0150811307510246,0.023628530787584087,198.8142459787991,2.6951290916943454e-11,3.357126247617558
100.69999999999999,0.0,3.017442577862385,0.02360041143962761,199.0138925482143,0.0,3.3567231694050057
100.8,0.0,3.019801212783803,0.02357228698873298,199.21346400730758,2.044580690250883e-11,3.3563207323604614
100.9,0.0,3.022157035006665,0.023544157468479064,199.41296030771505,5.2043872115477026e-11,3.3559189354723262
101.0,0.0,3.0245100440257136,0.02351602291252294,199.6123814011142,2.4782796245465248e-11,3.3555177777278384
101.1,0.0,3.02686023933907,0.023487883354599837,199.81172723922379,2.6951290916943454e-11,3.3551172581130775
101.19999999999999,0.0,3.0292076204482266,0.02345973882852303,200.01099777380392,2.044580690250883e-11,3.354717375612973
101.3,0.0,3.0315521868580615,0.02343158936818375,200.21019295665585,3.066871035376325e-11,3.3543181292113147
101.39999999999999,0.0,3.0338939380768473,0.023403435007551026,200.40931273962244,5.142430220934039e-11,3.3539195178907533
101.5,0.0,3.03623287361626,0.02337527578067166,200.60835707458793,9.9131184981861e-12,3.353521540632814
101.6,0.0,3.0385689929913773,0.023347111721670023,200.8073259134781,1.610881755955241e-11,3.353124196417899
101.69999999999999,0.0,3.040902295720697,0.023318942864747932,201.00621920826052,3.035892540069493e-11,3.352727484225298
101.8,0.0,3.0432327813261444,0.023290769244184533,201.2050369109441,4.336989342956418e-11,3.3523314030331925
101.89999999999999,0.0,3.04556044933307,0.02326259089433613,201.40377897357965,1.486967774727915e-11,3.3519359518186658
102.0,0.0,3.047885299270267,0.023234407849636006,201.60244534825983,3.96524739927444e-11,3.3515411295577073
102.10000000000001,0.0,3.0502073306699793,0.023206220144594277,201.80103598711895,3.841333418047113e-11,3.3511469352252212
102.19999999999999,0.0,3.052526543067899,0.023178027813797717,201.99955084233324,2.2304516620918722e-11,3.350753367795034
102.3,0.0,3.0548429360031846,0.023149830891909494,202.19798986612105,5.731021631763838e-11,3.3503604262399005
102.39999999999999,0.0,3.0571565090184616,0.023121629413669086,202.39635301074244,2.6021936057738513e-11,3.349968109531512
102.5,0.0,3.0594672616598406,0.023093423413891992,202.59464022849974,2.168494671478209e-11,3.3495764166405007
102.6,0.0,3.0617751934769104,0.023065212927469558,202.7928514717374,1.2391398122732624e-11,3.3491853465364523
102.69999999999999,0.0,3.0640803040227502,0.02303699798936872,202.9909866928418,6.505484014434628e-12,3.3487948981879074
102.8,0.0,3.066382592853951,0.023008778634631803,203.18904584424192,4.306010847649587e-11,3.348405070562372
102.89999999999999,0.0,3.0686820595306012,0.02298055489837624,203.38702887840853,6.040806584832154e-11,3.348015862626324
103.0,0.0,3.0709787036163085,0.022952326815794396,203.58493574785507,2.3543656433191983e-11,3.3476272733452177
103.1,0.0,3.0732725246782078,0.022924094422153245,203.7827664051372,2.942957054148998e-11,3.347239301683495
103.2,0.0,3.0755635222869557,0.02289585775279412,203.98052080285308,2.2924086527055356e-11,3.346851946604592
103.3,0.0,3.0778516960167517,0.022867616843132457,204.17819889364335,4.089161380501766e-11,3.346465207070941
103.39999999999999,0.0,3.0801370454453423,0.0228393717286575,204.37580063019092,1.7657742324893987e-11,3.3460790820439845
103.5,0.0,3.0824195701540216,0.02281112244493205,204.57332596522164,4.77068827725206e-11,3.3456935704841784
103.6,0.0,3.084699269727647,0.0227828690275921,204.77077485150372,4.244053857035924e-11,3.345308671350997
103.7,0.0,3.086976143754642,0.02275461151234659,204.96814724184813,-8.983763638981152e-12,3.344924383602948
103.79999999999998,0.0,3.08925019182701,0.02272634993497707,205.16544308910852,9.293548592049467e-12,3.3445407061975696
103.89999999999999,0.0,3.0915214135403257,0.02269808433133741,205.36266234618137,2.3543656433191983e-11,3.3441576380914464
104.0,0.0,3.09378980849376,0.022669814737353435,205.55980496600586,2.942957054148998e-11,3.3437751782402088
104.1,0.0,3.0960553762900784,0.022641541189022615,205.75687090156407,5.483193669309186e-11,3.343393325598547
104.2,0.0,3.098318116535651,0.022613263722413735,205.95386010588095,2.168494671478209e-11,3.343012079120214
104.3,0.0,3.1005780288404554,0.022584982373666514,206.15077253202443,1.548924765341578e-11,3.3426314377580315
104.39999999999999,0.0,3.1028351128180875,0.02255669717899128,206.34760813310538,-7.434838873639575e-12,3.3422514004639012
104.49999999999999,0.0,3.105089368085771,0.022528408174668623,206.54436686227785,4.0272043898881026e-11,3.341871966188808
104.6,0.0,3.107340794264357,0.022500115397048957,206.74104867273863,2.97393554945583e-11,3.341493133882831
104.7,0.0,3.1095893909783365,0.022471818882552244,206.93765351772797,1.827731223103062e-11,3.3411149024951463
104.8,0.0,3.1118351578558476,0.022443518667667518,207.13418135052908,2.664150596387514e-11,3.3407372709740364
104.9,0.0,3.1140780945286783,0.022415214788952562,207.33063212446837,3.035892540069493e-11,3.340360238266897
104.99999999999999,0.0,3.116318200632279,0.022386907283033507,207.52700579291556,3.159806521296819e-11,3.339983803320244
105.1,0.0,3.11855547580576,0.02235859618660437,207.72330230928355,2.2924086527055356e-11,3.33960796507972
105.19999999999999,0.0,3.120789919691913,0.022330281536426744,207.91952162702864,-4.027204389888103e-12,3.3392327224901015
105.3,0.0,3.1230215319371997,0.022301963369329283,208.11566369965053,4.336989342956418e-11,3.3388580744953082
105.4,0.0,3.1252503121917754,0.02227364172220734,208.31172848069215,4.306010847649587e-11,3.3384840200384045
105.49999999999999,0.0,3.1274762601094883,0.02224531663202256,208.50771592373994,3.252742007217314e-11,3.3381105580616137
105.6,0.0,3.129699375347879,0.0222169881358024,208.7036259824238,2.2304516620918722e-11,3.3377376875063183
105.69999999999999,0.0,3.131919657568201,0.02218865627063971,208.8994586104172,4.151118371115429e-11,3.3373654073130714
105.8,0.0,3.134137106435419,0.022160321073692268,209.095213761437,1.98262369963722e-11,3.336993716421602
105.9,0.0,3.136351721618211,0.022131982582182366,209.29089138924385,1.7347957371825673e-11,3.3366226137708233
106.0,0.0,3.1385635027889913,0.022103640833396318,209.4864914476417,-5.5761291552296805e-12,3.3362520982988366
106.1,0.0,3.1407724496238933,0.022075295864684066,209.68201389047852,5.1114517256272065e-11,3.3358821689429417
106.19999999999999,0.0,3.142978561802801,0.0220469477134586,209.87745867164557,2.6331721010806827e-11,3.335512824639644
106.3,0.0,3.1451818390093345,0.02201859641719558,210.07282574507806,-1.4250107841142516e-11,3.335144064324658
106.39999999999999,0.0,3.147382280930865,0.021990242013432835,210.26811506475488,-1.98262369963722e-11,3.334775886932916
106.5,0.0,3.1495798872585272,0.021961884539769824,210.4633265846989,2.4782796245465248e-11,3.3344082913985775
106.6,0.0,3.1517746576872074,0.021933524033867252,210.65846025897636,5.731021631763838e-11,3.3340412766550327
106.69999999999999,0.0,3.1539665919155735,0.02190516053344648,210.8535160416976,2.5712151104670196e-11,3.333674841634911
106.8,0.0,3.15615568964606,0.02187679407628907,211.0484938870168,2.323387148012367e-11,3.333308985270089
106.89999999999999,0.0,3.158341950584887,0.021848424700236263,211.2433937491322,3.37665598844464e-11,3.3329437064916934
107.0,0.0,3.1605253744420567,0.021820052443188485,211.43821558228564,1.548924765341578e-11,3.3325790042301144
107.1,0.0,3.1627059609313717,0.02179167734310486,211.63295934076316,5.7000431364570065e-11,3.3322148774150073
107.19999999999999,0.0,3.164883709770428,0.02176329943800259,211.82762497889465,4.55383881010424e-11,3.3318513249753017
107.3,0.0,3.167058620680625,0.021734918765956564,212.0222124510541,1.486967774727915e-11,3.3314883458392064
107.39999999999999,0.0,3.169230693387177,0.02170653536509873,212.21672171165955,4.677752791331565e-11,3.3311259389342194
107.5,0.0,3.171399927619114,0.021678149273617595,212.41115271517296,1.9516452043303882e-11,3.330764103187134
107.6,0.0,3.173566323109283,0.021649760529757724,212.6055054161006,1.9206667090235565e-11,3.3304028375240433
107.69999999999999,0.0,3.1757298795943614,0.02162136917181911,212.79977976899272,2.2304516620918722e-11,3.3300421408703493
107.8,0.0,3.17789059681486,0.02159297523815673,212.99397572844364,2.881000063535335e-11,3.3296820121507706
107.89999999999999,0.0,3.1800484745151283,0.021564578767179935,213.18809324909208,5.94787109891166e-11,3.3293224502893457
108.0,0.0,3.182203512443353,0.021536179797351878,213.3821322856207,3.9032904086607764e-11,3.328963454209446
108.1,0.0,3.1843557103515807,0.021507778367189034,213.57609279275653,3.717419436819787e-11,3.328605022833775
108.2,0.0,3.186505067995703,0.02147937451526054,213.7699747252708,1.1152258310459361e-11,3.328247155084381
108.29999999999998,0.0,3.188651585135474,0.021450968280187707,213.96377803797904,2.4163226339328614e-11,3.3278898498826637
108.39999999999999,0.0,3.190795261534517,0.0214225597006434,214.15750268574092,4.0272043898881026e-11,3.327533106149375
108.5,0.0,3.192936096960317,0.021394148815351514,214.35114862346063,3.252742007217314e-11,3.3271769228046355
108.6,0.0,3.195074091184239,0.021365735663086336,214.54471580608654,7.74462382670789e-12,3.3268212987679333
108.7,0.0,3.1972092439815274,0.021337320282671993,214.73820418861138,6.226677556673144e-11,3.326466232958133
108.79999999999998,0.0,3.1993415551313094,0.021308902712981897,214.93161372607221,8.673978685912837e-12,3.326111724293488
108.89999999999999,0.0,3.201471024416605,0.02128048299293812,215.1249443735507,4.491881819490576e-11,3.3257577716916384
109.0,0.0,3.2035976516243276,0.021252061161510773,215.31819608617255,2.168494671478209e-11,3.3254043740696217
109.1,0.0,3.205721436545288,0.021223637257717497,215.51136881910827,3.252742007217314e-11,3.325051530343884
109.2,0.0,3.2078423789742057,0.021195211320622805,215.70446252757256,4.151118371115429e-11,3.324699239430281
109.3,0.0,3.2099604787097036,0.02116678338933746,215.89747716682461,4.3679678382632496e-11,3.3243475002440857
109.39999999999999,0.0,3.2120757355543206,0.02113835350301795,216.0904126921681,4.089161380501766e-11,3.3239963116999958
109.49999999999999,0.0,3.2141881493145155,0.021109921700865834,216.2832690589514,3.314698997830977e-11,3.323645672712146
109.6,0.0,3.216297719800665,0.021081488022127077,216.47604622256694,4.55383881010424e-11,3.323295582194104
109.7,0.0,3.2184044468270767,0.021053052506091553,216.6687441384522,5.0185162397067124e-11,3.322946039058886
109.8,0.0,3.2205083302119855,0.02102461519209236,216.86136276208893,3.0049140447626614e-11,3.322597042218961
109.9,0.0,3.222609369777565,0.020996176119505182,217.05390204900326,3.5315484649787974e-11,3.322248590586256
109.99999999999999,0.0,3.224707565349928,0.020967735327747723,217.24636195476631,2.7880645776148402e-12,3.321900683072164
110.1,0.0,3.2268029167591283,0.020939292856279046,217.4387424349934,6.164720566059481e-11,3.3215533185875525
110.19999999999999,0.0,3.228895423839173,0.020910848744599007,217.63104344534466,4.336989342956418e-12,3.321206496042766
110.3,0.0,3.230985086428016,0.0208824030322475,217.8232649415248,1.486967774727915e-11,3.3208602143476376
110.4,0.0,3.233071904367568,0.020853955758803985,218.01540687928298,2.3543656433191983e-11,3.3205144724114932
110.49999999999999,0.0,3.2351558775037024,0.020825506963886742,218.2074692144133,5.2043872115477026e-11,3.320169269143157
110.6,0.0,3.2372370056862554,0.020797056687152274,218.3994519027542,3.6864409415129555e-11,3.319824603450962
110.69999999999999,0.0,3.2393152887690273,0.020768604968294677,218.59135490018897,4.522860314797408e-11,3.3194804742427535
110.8,0.0,3.2413907266097937,0.020740151847044988,218.78317816264553,5.2973226974681967e-11,3.3191368804258974
110.9,0.0,3.243463319070305,0.020711697363170554,218.97492164609636,4.151118371115429e-11,3.318793820907284
111.0,0.0,3.245533066016288,0.020683241556474427,219.16658530655874,4.18209686642226e-11,3.318451294593342
111.1,0.0,3.2475999673174516,0.020654784466794605,219.35816910009467,2.4782796245465248e-11,3.318109300390038
111.19999999999999,0.0,3.2496640228474916,0.02062632613400352,219.54967298281073,3.9032904086607764e-11,3.3177678372028825
111.3,0.0,3.2517252324840906,0.02059786659800733,219.74109691085832,4.6157958007179026e-11,3.3174269039369446
111.39999999999999,0.0,3.253783596108929,0.02056940589874523,219.93244084043343,2.6951290916943454e-11,3.3170864994968516
111.5,0.0,3.255839113607675,0.020540944076188925,220.12370472777692,2.664150596387514e-11,3.316746622786798
111.6,0.0,3.257891784870002,0.02051248117034181,220.3148885291744,5.76200012707067e-11,3.316407272710553
111.69999999999999,0.0,3.25994160978958,0.020484017221238462,220.50599220095603,6.598419500355123e-11,3.3160684481714644
111.8,0.0,3.2619885882640904,0.020455552268943935,220.69701569949686,6.040806584832154e-11,3.315730148072469
111.89999999999999,0.0,3.2640327201952153,0.02042708635355306,220.8879589812166,2.9119785588421666e-11,3.3153923713160975
112.0,0.0,3.2660740054886532,0.02039861951518989,221.07882200257987,4.2750323523427555e-11,3.3150551168044795
112.1,0.0,3.2681124440541125,0.020370151794006915,221.26960472009594,4.832645267865723e-11,3.3147183834393528
112.19999999999999,0.0,3.2701480358053225,0.020341683230184524,221.46030709031874,4.0272043898881026e-11,3.314382170122069
112.3,0.0,3.2721807806600287,0.020313213863930278,221.6509290698472,2.168494671478209e-11,3.3140464757536012
112.39999999999999,0.0,3.274210678539998,0.020284743735478263,221.84147061532488,3.097849530683156e-13,3.313711299234547
112.5,0.0,3.276237729371027,0.02025627288508844,222.0319316834402,2.819043072921672e-11,3.31337663946514
112.6,0.0,3.2782619330829332,0.02022780135304596,222.2223122309262,1.2701183075800938e-11,3.313042495345253
112.69999999999999,0.0,3.2802832896095677,0.020199329179660535,222.41261221456094,5.142430220934039e-11,3.3127088657744053
112.8,0.0,3.2823017988888155,0.020170856405265763,222.602831591167,2.5092581198533562e-11,3.3123757496517716
112.89999999999999,0.0,3.2843174608625882,0.020142383070218452,222.7929703176119,1.5179462700347464e-11,3.312043145876186
113.0,0.0,3.2863302754768453,0.02011390921489798,222.98302835080798,4.6157958007179026e-11,3.3117110533461473
113.1,0.0,3.288340242681577,0.0200854348797056,223.1730056477123,-6.195699061366312e-13,3.311379470959831
113.2,0.0,3.290347362430814,0.020056960105063797,223.3629021653267,3.624483950899293e-11,3.3110483976150893
113.29999999999998,0.0,3.292351634682637,0.020028484931415645,223.5527178606978,4.0581828851949346e-11,3.3107178322094635
113.39999999999999,0.0,3.2943530593991697,0.020000009399224094,223.74245269091708,3.314698997830977e-11,3.310387773640185
113.5,0.0,3.2963516365465804,0.01997153354897134,223.93210661312068,2.044580690250883e-11,3.3100582208041898
113.6,0.0,3.2983473660950855,0.01994305742115817,224.12167958448973,3.252742007217314e-11,3.309729172598113
113.7,0.0,3.300340248018959,0.019914581056303244,224.3111715622499,5.731021631763838e-11,3.3094006279183086
113.8,0.0,3.302330282296521,0.019886104494942502,224.5005825036718,4.491881819490576e-11,3.3090725856608465
113.89999999999999,0.0,3.30431746891015,0.019857627777628454,224.68991236607084,3.159806521296819e-11,3.3087450447215225
113.99999999999999,0.0,3.3063018078462787,0.019829150944929538,224.87916110680712,1.9516452043303882e-11,3.3084180039958664
114.1,0.0,3.3082832990953954,0.019800674037429404,225.06832868328547,1.332075298193757e-11,3.3080914623791453
114.2,0.0,3.3102619426520534,0.019772197095726366,225.25741505295568,4.708731286638397e-11,3.307765418766372
114.3,0.0,3.3122377385148623,0.019743720160432597,225.4464201733121,1.5799032606484095e-11,3.307439872052311
114.39999999999999,0.0,3.314210686686491,0.01971524327217362,225.63534400189405,3.841333418047113e-11,3.3071148211314845
114.49999999999999,0.0,3.3161807871736806,0.01968676647158747,225.8241864962855,3.996225894581271e-11,3.3067902648981806
114.6,0.0,3.3181480399872254,0.019658289799324193,226.01294761411512,4.77068827725206e-11,3.3064662022464577
114.7,0.0,3.320112445141994,0.019629813296045105,226.2016273130564,2.168494671478209e-11,3.3061426320701517
114.8,0.0,3.322074002656917,0.019601337002422142,226.39022555082764,4.6157958007179026e-11,3.3058195532628827
114.9,0.0,3.3240327125549953,0.019572860959137225,226.5787422851917,1.3630537935005885e-11,3.305496964718062
114.99999999999999,0.0,3.3259885748632962,0.019544385206881558,226.76717747395645,5.0185162397067124e-11,3.3051748653288975
115.1,0.0,3.327941589612958,0.019515909786355062,226.95553107497417,4.151118371115429e-11,3.3048532539884
115.19999999999999,0.0,3.3298917568391895,0.01948743473826555,227.1438030461421,2.726107587001177e-11,3.304532129589392
115.3,0.0,3.3318390765812693,0.019458960103328288,227.3319933454022,7.868537807935217e-11,3.30421149102451
115.4,0.0,3.333783548882548,0.019430485922265164,227.5201019307409,2.819043072921672e-11,3.303891337186213
115.49999999999999,0.0,3.3357251737904514,0.01940201223580414,227.7081287601895,3.4695914743651346e-11,3.3035716669667923
115.6,0.0,3.3376639513564745,0.01937353908467852,227.89607379182422,1.2701183075800938e-11,3.3032524792583704
115.69999999999999,0.0,3.3395998816361914,0.019345066509626422,228.0839369837655,3.655462446206124e-11,3.3029337729529162
115.8,0.0,3.341532964689242,0.01931659455138997,228.27171829417884,5.76200012707067e-11,3.302615546942242
115.89999999999999,0.0,3.3434632005793468,0.019288123250714766,228.4594176812741,3.6864409415129555e-11,3.302297800118018
116.0,0.0,3.3453905893743006,0.019259652648349206,228.64703510330617,5.576129155229681e-11,3.301980531371775
116.1,0.0,3.3473151311459697,0.019231182785043863,228.83457051857417,3.159806521296819e-11,3.3016637395949098
116.19999999999999,0.0,3.349236825970299,0.01920271370155073,229.02202388542233,1.3940322888074202e-11,3.3013474236786937
116.3,0.0,3.35115567392731,0.019174245438622766,229.20939516223902,1.1462043263527678e-11,3.3010315825142778
116.39999999999999,0.0,3.353071675101091,0.019145778037013107,229.39668430745772,4.708731286638397e-11,3.3007162149926996
116.5,0.0,3.354984829579815,0.019117311537474473,229.58389127955613,2.0136021949440513e-11,3.3004013200048896
116.6,0.0,3.3568951374557265,0.01908884598075855,229.77101603705677,4.55383881010424e-11,3.3000868964416763
116.69999999999999,0.0,3.358802598825144,0.019060381407615328,229.95805853852673,3.655462446206124e-11,3.2997729431937937
116.8,0.0,3.3607072137884653,0.019031917858792494,230.14501874257758,3.035892540069493e-11,3.299459459151888
116.89999999999999,0.0,3.362608982450158,0.01900345537503478,230.33189660786556,3.500569969671966e-11,3.299146443206523
117.0,0.0,3.364507904918763,0.018974993997083345,230.5186920930914,3.4076344837514714e-12,3.298833894248186
117.1,0.0,3.366403981306901,0.01894653376567515,230.70540515700054,1.703817241875736e-11,3.2985218111672943
117.19999999999999,0.0,3.368297211731263,0.018918074721542295,230.8920357583827,9.293548592049469e-13,3.2982101928542034
117.3,0.0,3.3701875963126104,0.018889616905411483,231.0785838560724,1.7657742324893987e-11,3.29789903819921
117.39999999999999,0.0,3.3720751351757805,0.01886116035800331,231.26504940894844,3.717419436819787e-11,3.297588346092562
117.5,0.0,3.373959828449683,0.018832705120031663,231.45143237593427,1.053268840432273e-11,3.2972781154244593
117.6,0.0,3.3758416762672945,0.018804251232203154,231.63773271599766,2.7880645776148405e-11,3.296968345085066
117.7,0.0,3.3777206787656646,0.01877579873521648,231.82395038815113,3.593505455592461e-11,3.296659033964514
117.8,0.0,3.379596836085914,0.018747347669761775,232.0100853514514,2.0136021949440513e-11,3.296350180952907
117.89999999999999,0.0,3.3814701483732286,0.01871889807652003,232.19613756499987,6.288634547286806e-11,3.296041784940331
118.0,0.0,3.3833406157768615,0.01869044999616252,232.38210698794205,3.8103549227402817e-11,3.295733844816859
118.1,0.0,3.3852082384501383,0.018662003469350118,232.56799357946826,2.5092581198533562e-11,3.295426359472552
118.2,0.0,3.3870730165504424,0.018633558536732757,232.75379729881294,1.053268840432273e-11,3.295119327797474
118.29999999999998,0.0,3.388934950239226,0.018605115238948828,232.9395181052549,3.8103549227402817e-11,3.294812748681695
118.39999999999999,0.0,3.3907940396820044,0.01857667361662454,233.1251559581177,2.9119785588421666e-11,3.294506621015291
118.5,0.0,3.3926502850483544,0.018548233710373386,233.31071081676893,2.942957054148998e-11,3.294200943688358
118.6,0.0,3.3945036865119134,0.018519795560795464,233.4961826406205,-5.266344202161365e-12,3.2938957155910162
118.7,0.0,3.396354244250377,0.018491359208476967,233.6815713891289,2.2924086527055356e-11,3.293590935613414
118.8,0.0,3.3982019584454997,0.018462924693989566,233.8668770217948,4.77068827725206e-11,3.293286602645734
118.89999999999999,0.0,3.4000468292830934,0.018434492057889832,234.0520994981631,5.978849594218491e-11,3.292982715578203
118.99999999999999,0.0,3.401888856953025,0.018406061340718673,234.23723877782308,3.159806521296819e-11,3.2926792733010943
119.1,0.0,3.403728041649211,0.018377632583000656,234.4222948204083,2.168494671478209e-11,3.292376274704735
119.2,0.0,3.4055643835696223,0.01834920582524361,234.6072675855967,2.942957054148998e-11,3.292073718679511
119.3,0.0,3.4073978829162814,0.018320781107937865,234.79215703311021,3.097849530683156e-11,3.2917716041158753
119.39999999999999,0.0,3.4092285398952558,0.018292358471555793,234.97696312271512,5.2043872115477026e-11,3.291469929904356
119.49999999999999,0.0,3.4110563547166612,0.01826393795655126,235.16168581422187,6.3815700332073e-11,3.2911686949355525
119.6,0.0,3.412881327594657,0.018235519603358945,235.3463250674852,4.1201398758085973e-11,3.2908678981001542
119.7,0.0,3.414703458747444,0.01820710345239392,235.53088084240395,4.3989463335700816e-11,3.2905675382889368
119.8,0.0,3.4165227483972664,0.01817868954405098,235.71709035958096,2.4163226339328614e-11,3.290267614392775
119.9,0.0,3.4183391967704044,0.018150277918704116,235.90859779729902,1.3630537935005885e-11,3.289968125302643
119.99999999999999,0.0,3.420152804097176,0.018121868616706043,236.10003560367727,2.4782796245465248e-11,3.289669069909625
120.1,0.0,3.4219635706119287,0.018093461678387532,236.29140373350296,2.6951290916943454e-11,3.28937044710492
120.19999999999999,0.0,3.42377149655305,0.018065057144056942,236.48270214158688,3.252742007217314e-11,3.2890722557798444
120.3,0.0,3.4255765821629542,0.01803665505399965,236.6739307827634,1.7657742324893987e-11,3.288774494825843
120.4,0.0,3.4273788276880786,0.01800825544847753,236.86508961189057,1.2391398122732624e-12,3.288477163134493
120.49999999999999,0.0,3.4291782333788876,0.017979858367728377,237.0561785838502,3.407634483751472e-11,3.288180259597507
120.6,0.0,3.4309747994898725,0.01795146385196542,237.24719765354746,2.2304516620918722e-11,3.2878837831067442
120.69999999999999,0.0,3.43276852627954,0.017923071941376763,237.43814677591155,5.049494735013544e-11,3.287587732554212
120.8,0.0,3.4345594140104145,0.017894682676124915,237.62902590589525,7.5587528548669e-11,3.2872921068320755
120.89999999999999,0.0,3.4363474629490383,0.01786629609634614,237.81983499847487,3.3456774931378085e-11,3.286996904832659
121.0,0.0,3.438132673365962,0.017837912242150106,238.01057400865088,2.9119785588421666e-11,3.2867021254484574
121.1,0.0,3.4399150455357517,0.01780953115361924,238.20124289144715,-3.097849530683156e-13,3.286407767572136
121.19999999999999,0.0,3.4416945797369727,0.017781152870808243,238.3918416019116,2.4163226339328614e-11,3.286113830096542
121.3,0.0,3.4434712762522004,0.017752777433743674,238.58237009511578,2.261430157398704e-11,3.2858203119147067
121.39999999999999,0.0,3.4452451353680082,0.01772440488242328,238.77282832615506,3.19078501660365e-11,3.2855272119198533
121.5,0.0,3.447016157374971,0.017696035256815634,238.96321625014872,2.5712151104670196e-11,3.2852345290054017
121.6,0.0,3.4487843425676554,0.01766766859685959,239.1535338222399,3.748397932126619e-11,3.2849422620649746
121.69999999999999,0.0,3.450549691244622,0.017639304942463782,239.3437809975954,5.5761291552296805e-12,3.284650409992403
121.8,0.0,3.4523122037084195,0.017610944333506098,239.53395773140628,4.027204389888103e-12,3.2843589716817334
121.89999999999999,0.0,3.454071880265586,0.017582586809833288,239.72406397888724,3.0049140447626614e-11,3.2840679460272315
122.0,0.0,3.455828721226641,0.01755423241126039,239.91409969527686,1.889688213716725e-11,3.2837773319233894
122.09999999999998,0.0,3.457582726906082,0.017525881177570292,240.10406483583787,1.1462043263527678e-11,3.2834871282649334
122.19999999999999,0.0,3.459333897622387,0.017497533148513256,240.29395935585666,4.77068827725206e-11,3.283197333946824
122.3,0.0,3.4610822336980025,0.017469188363806416,240.4837832106438,4.677752791331565e-11,3.2829079478642673
122.39999999999999,0.0,3.46282773545935,0.017440846863133352,240.6735363555337,3.314698997830977e-11,3.282618968912718
122.5,0.0,3.4645704032368134,0.017412508686143576,240.8632187458849,4.646774296024734e-11,3.2823303959878873
122.6,0.0,3.4663102373647443,0.017384173872452155,241.05283033707985,2.97393554945583e-11,3.282042227985745
122.7,0.0,3.4680472381814478,0.01735584246163913,241.24237108452496,2.4473011292396934e-11,3.2817544638025273
122.8,0.0,3.469781406029192,0.017327514493249156,241.4318409436508,5.978849594218491e-11,3.2814671023347457
122.9,0.0,3.4715127412541955,0.017299190006791035,241.62123986991188,-1.9206667090235565e-11,3.2811801424791867
122.99999999999999,0.0,3.4732412442066196,0.017270869041737247,241.81056781878686,2.4163226339328614e-11,3.280893583132922
123.09999999999998,0.0,3.4749669152405835,0.017242551637523522,241.9998247457783,4.027204389888103e-12,3.28060742319331
123.19999999999999,0.0,3.4766897547141373,0.01721423783354842,242.18901060641306,3.77937642743345e-11,3.2803216615580095
123.29999999999998,0.0,3.478409762989273,0.017185927669172832,242.37812535624195,1.610881755955241e-11,3.280036297124974
123.39999999999999,0.0,3.480126940431918,0.017157621183719635,242.56716895083989,1.1771828216595992e-11,3.2797513287924667
123.5,0.0,3.481841287411928,0.01712931841647319,242.75614134580601,4.832645267865723e-11,3.279466755459063
123.6,0.0,3.483552804303085,0.017101019406678998,242.94504249676353,3.655462446206124e-11,3.2791825760236537
123.7,0.0,3.4852614914830973,0.017072724193543196,243.13387235935966,2.5402366151601876e-11,3.278898789385455
123.8,0.0,3.486967349333584,0.017044432816232205,243.32263088926607,3.066871035376325e-11,3.278615394444011
123.9,0.0,3.4886703782400903,0.017016145313872282,243.5113180421784,5.1114517256272065e-11,3.278332390099201
124.0,0.0,3.490370578592061,0.01698786172554915,243.69993377381638,1.7657742324893987e-11,3.2780497752512434
124.10000000000001,0.0,3.492067950782854,0.01695958209030754,243.88847803992405,5.080473230320375e-11,3.2777675488007034
124.19999999999999,0.0,3.4937624952097273,0.01693130644715085,244.07695079626978,2.6331721010806827e-11,3.2774857096484964
124.29999999999998,0.0,3.495454212273836,0.016903034835040735,244.26535199864588,1.98262369963722e-11,3.2772042566958954
124.39999999999999,0.0,3.497143102380234,0.01687476729289666,244.4536816028691,6.660376490968786e-11,3.2769231888445347
124.49999999999999,0.0,3.498829165937858,0.016846503859595612,244.6419395647802,4.4609033241837444e-11,3.2766425049964183
124.6,0.0,3.5005124033595374,0.01681824457397163,244.8301258402444,2.0136021949440513e-11,3.2763622040539224
124.69999999999999,0.0,3.5021928150619757,0.01678998947481547,245.01824038515105,2.5402366151601876e-11,3.276082284919803
124.8,0.0,3.5038704014657602,0.016761738600874217,245.20628315541387,9.045720629594816e-11,3.2758027464971984
124.9,0.0,3.505545162995347,0.01673349199085093,245.39425410697058,1.4250107841142516e-11,3.2755235876896416
125.0,0.0,3.5072171000790595,0.016705249683404234,245.5821531957836,-2.7880645776148402e-12,3.275244807401055
125.10000000000001,0.0,3.508886213149087,0.01667701171714804,245.7699803778393,8.51908620937868e-11,3.274966404535767
125.2,0.0,3.510552502641477,0.016648778130651066,245.9577356091484,6.195699061366312e-11,3.2746883779985096
125.29999999999998,0.0,3.5122159689961308,0.01662054896243659,246.14541884574606,4.708731286638397e-11,3.274410726694427
125.39999999999999,0.0,3.513876612656802,0.01659232425098203,246.33303004369162,4.089161380501766e-11,3.274133449529083
125.49999999999999,0.0,3.515534434071087,0.01656410403471867,246.5205691590689,3.4695914743651346e-11,3.2738565454084605
125.6,0.0,3.5171894336904246,0.016535888352031243,246.7080361479859,1.4250107841142516e-11,3.2735800132389743
125.69999999999999,0.0,3.5188416119700903,0.016507677241257634,246.89543096657516,6.505484014434627e-11,3.2733038519274706
125.8,0.0,3.5204909693691864,0.016479470740688496,247.08275357099325,5.576129155229681e-11,3.2730280603812343
125.89999999999999,0.0,3.5221375063506493,0.016451268888567024,247.27000391742138,3.097849530683156e-11,3.272752637507996
126.0,0.0,3.523781223381232,0.016423071723088524,247.45718196206505,2.168494671478209e-11,3.2724775822159358
126.10000000000001,0.0,3.5254221209315064,0.01639487928240015,247.6442876611541,6.629397995661954e-11,3.272202893413689
126.2,0.0,3.527060199475856,0.01636669160460052,247.83132097094287,-6.505484014434628e-12,3.27192857001035
126.30000000000001,0.0,3.5286954594924733,0.01633850872773953,248.0182818477099,3.717419436819787e-11,3.271654610915481
126.39999999999998,0.0,3.5303279014633517,0.016310330689817916,248.20517024775833,5.792978622377502e-11,3.271381015039116
126.49999999999999,0.0,3.5319575258742817,0.01628215752878699,248.39198612741566,5.328301192775028e-11,3.271107781291762
126.6,0.0,3.533584333214849,0.01625398928254835,248.57872944303367,4.894602258479387e-11,3.270834908584412
126.69999999999999,0.0,3.535208323978424,0.016225825988953613,248.76540015098877,7.527774359560069e-11,3.270562395828541
126.8,0.0,3.5368294986621613,0.016197667685804048,248.95199820768158,7.868537807935217e-11,3.2702902419361233
126.89999999999999,0.0,3.5384478577669944,0.016169514410850346,249.1385235695374,4.9565592490930496e-11,3.2700184458196246
127.0,0.0,3.5400634017976254,0.016141366201792306,249.32497619300582,8.116365770389869e-11,3.2697470063920178
127.1,0.0,3.5416761312625296,0.01611322309627858,249.51135603456083,4.336989342956418e-11,3.26947592256678
127.2,0.0,3.5432860466739395,0.016085085131906353,249.69766305070115,1.8587097184098938e-12,3.2692051932579074
127.30000000000001,0.0,3.5448931485478448,0.01605695234622112,249.88389719794978,4.832645267865723e-11,3.268934817379909
127.4,0.0,3.546497437403992,0.016028824776716386,250.0700584328542,1.2391398122732624e-11,3.268664793847822
127.49999999999999,0.0,3.5480989137658683,0.01600070246083341,250.25614671198645,4.336989342956418e-11,3.2683951215772096
127.59999999999998,0.0,3.5496975781607087,0.01597258543596095,250.44216199194287,3.593505455592461e-11,3.268125799484172
127.69999999999999,0.0,3.551293431119478,0.01594447373943498,250.62810422934461,4.646774296024734e-11,3.2678568264853483
127.79999999999998,0.0,3.5528864731768763,0.015916367408538527,250.813973380837,2.819043072921672e-11,3.2675882014979205
127.89999999999999,0.0,3.5544767048713286,0.01588826648050124,250.9997694030903,4.708731286638397e-11,3.267319923439624
128.0,0.0,3.5560641267449786,0.015860170992499378,251.18549225279884,4.8016667725588915e-11,3.2670519912287452
128.1,0.0,3.5576487393436858,0.01583208098165536,251.37114188668173,3.035892540069493e-11,3.266784403784132
128.2,0.0,3.559230543217022,0.015803996485037705,251.55671826148256,1.8587097184098934e-11,3.2665171600251988
128.3,0.0,3.560809538918257,0.01577591753966061,251.74222133396952,5.2973226974681967e-11,3.2662502588719313
128.4,0.0,3.562385727004364,0.01574784418248397,251.92765106093523,2.261430157398704e-11,3.2659836992448867
128.5,0.0,3.5639591080360082,0.015719776450412854,252.11300739919702,3.593505455592461e-11,3.2657174800652067
128.6,0.0,3.5655296825775444,0.0156917143802976,252.29829030559662,3.066871035376325e-11,3.2654516002546172
128.7,0.0,3.567097451197006,0.015663658008933323,252.4834997370005,6.195699061366312e-13,3.2651860587354355
128.79999999999998,0.0,3.5686624144661048,0.015635607373059874,252.66863565029948,5.576129155229681e-11,3.264920854430574
128.89999999999998,0.0,3.5702245729602256,0.015607562509361558,252.8536980024093,9.417462573276793e-11,3.2646559862635454
129.0,0.0,3.571783927258417,0.015579523454466976,253.03868675026987,3.717419436819787e-11,3.2643914531584697
129.1,0.0,3.5733404779433893,0.015551490244948797,253.22360185084608,3.624483950899293e-11,3.2641272540400776
129.2,0.0,3.5748942256015024,0.015523462917323545,253.4084432611273,3.097849530683156e-11,3.2638633878337155
129.3,0.0,3.576445170822771,0.015495441508051457,253.59321093812727,4.336989342956418e-11,3.26359985346535
129.4,0.0,3.5779933142008504,0.015467426053536239,253.7779048388848,3.4695914743651346e-11,3.2633366498615763
129.5,0.0,3.579538656333033,0.015439416590124926,253.96252492046298,4.0272043898881026e-11,3.263073775949617
129.6,0.0,3.581081197820245,0.01541141315410767,254.14707113994956,4.987537744399881e-11,3.262811230657334
129.7,0.0,3.582620939267036,0.015383415781717582,254.3315434544571,3.841333418047113e-11,3.262549012913227
129.79999999999998,0.0,3.5841578812815773,0.015355424509130565,254.51594182112268,3.283720502524145e-11,3.262287121646443
129.89999999999998,0.0,3.585692024475659,0.015327439372465123,254.7002661971081,4.832645267865723e-11,3.2620255557867806
130.0,0.0,3.5872233694646694,0.015299460407782203,254.8845165395998,6.195699061366312e-12,3.2617643142646924
130.1,0.0,3.5887519168676145,0.015271487651085049,255.0686928058088,5.2043872115477026e-11,3.261503396011293
130.2,0.0,3.5902776673070838,0.015243521138319019,255.25279495297093,3.283720502524145e-11,3.261242799958361
130.29999999999998,0.0,3.5918006214092686,0.01521556090537146,255.43682293834658,4.336989342956418e-11,3.260982525038347
130.4,0.0,3.593320779803941,0.015187606988071546,255.62077671922097,2.726107587001177e-11,3.2607225701843756
130.5,0.0,3.5948381431244547,0.01515965942219012,255.80465625290387,5.7000431364570065e-11,3.260462934330252
130.6,0.0,3.596352712007735,0.015131718243439564,255.9884614967298,4.213075361729092e-11,3.260203616410465
130.70000000000002,0.0,3.5978644870942817,0.015103783487473668,256.17219240805804,5.76200012707067e-11,3.2599446153601965
130.79999999999998,0.0,3.5993734690281487,0.01507585518988748,256.3558489442726,4.4609033241837444e-11,3.2596859301153205
130.89999999999998,0.0,3.600879658456955,0.01504793338621718,256.53943106278217,5.328301192775028e-11,3.2594275596124094
131.0,0.0,3.6023830560318624,0.01502001811193995,256.72293872102006,4.584817305411071e-11,3.259169502788742
131.1,0.0,3.603883662407583,0.01499210940247387,256.9063718764445,5.94787109891166e-11,3.2589117585823053
131.2,0.0,3.6053814782423643,0.014964207293177765,257.0897304865383,2.106537680864546e-11,3.2586543259318015
131.29999999999998,0.0,3.606876504197993,0.014936311819351126,257.2730145088093,3.035892540069493e-11,3.258397203776647
131.4,0.0,3.60836874093977,0.014908423016233952,257.45622390078995,3.5315484649787974e-11,3.2581403910569864
131.5,0.0,3.609858189136533,0.014880540919006686,257.6393586200373,7.434838873639574e-11,3.257883886713691
131.6,0.0,3.611344849460623,0.014852665562790088,257.82241862413326,5.638086145843344e-11,3.2576276896883622
131.7,0.0,3.6128287225878957,0.014824796982645131,258.00540387068475,2.881000063535335e-11,3.257371798923343
131.8,0.0,3.6143098091977057,0.014796935213572908,258.1883143173233,1.2391398122732624e-11,3.257116213361715
131.89999999999998,0.0,3.615788109972909,0.01476908029051454,258.3711499217052,2.5712151104670196e-11,3.256860931947309
131.99999999999997,0.0,3.617263625599853,0.014741232248351088,258.5539106415116,3.841333418047113e-11,3.2566059536247063
132.1,0.0,3.6187363567683666,0.014713391121903431,258.7365964344486,5.6071076505365124e-11,3.2563512773392445
132.2,0.0,3.620206304171758,0.014685556945932245,258.91920725824696,5.638086145843344e-11,3.256096902037021
132.29999999999998,0.0,3.621673468506812,0.014657729755137867,259.10174307066217,4.708731286638397e-11,3.2558428266649018
132.4,0.0,3.623137850473777,0.01462990958416025,259.284203829475,7.248967901798586e-11,3.2555890501705207
132.5,0.0,3.624599450776364,0.014602096467578872,259.4665894924905,2.726107587001177e-11,3.2553355715022865
132.6,0.0,3.6260582701217374,0.01457429043991266,259.6489000175391,3.3456774931378085e-11,3.255082389609387
132.7,0.0,3.627514309220516,0.014546491535619937,259.8311353624757,4.027204389888103e-12,3.2548295034417962
132.8,0.0,3.6289675687867518,0.014518699789098389,260.0132954851805,7.434838873639574e-11,3.254576911950273
132.9,0.0,3.63041804953794,0.014490915234684924,260.19538034355804,4.429924828876913e-11,3.2543246140863724
133.0,0.0,3.631865752195007,0.014463137906655692,260.3773898955381,3.8103549227402817e-11,3.254072608802447
133.1,0.0,3.633310677482301,0.014435367839225985,260.5593240990754,1.6418602512620725e-11,3.2538208950516476
133.2,0.0,3.6347528261275897,0.01440760506655022,260.7411829121495,2.4782796245465248e-11,3.253569471787939
133.29999999999998,0.0,3.636192198862053,0.014379849622721865,260.92296629276484,5.94787109891166e-11,3.2533183379660904
133.39999999999998,0.0,3.637628796420278,0.014352101541773398,261.1046741989508,2.6331721010806827e-11,3.2530674925416894
133.5,0.0,3.63906261954025,0.014324360857676292,261.2863065887617,2.3543656433191983e-11,3.252816934471145
133.6,0.0,3.6404936689633507,0.01429662760434095,261.46786342027696,5.2043872115477026e-11,3.25256666271169
133.7,0.0,3.64192194543435,0.014268901815616682,261.64934465160076,4.213075361729092e-11,3.252316676221385
133.8,0.0,3.643347449701395,0.014241183525291681,261.83075024086236,3.8103549227402817e-11,3.252066973959127
133.9,0.0,3.644770182516015,0.014213472767092962,262.01208014621596,4.708731286638397e-11,3.2518175548846493
134.0,0.0,3.646190144633104,0.01418576957468639,262.19333432584085,4.9565592490930496e-11,3.251568417958527
134.1,0.0,3.6476073368109216,0.014158073981676627,262.374512737941,4.336989342956418e-11,3.251319562142185
134.2,0.0,3.649021759811086,0.014130386021607091,262.55561534074593,3.5315484649787974e-11,3.251070986397896
134.29999999999998,0.0,3.650433414398563,0.014102705727959991,262.7366420925097,4.863623763172555e-11,3.250822689688792
134.39999999999998,0.0,3.651842301341669,0.014075033134156287,262.9175929515117,4.213075361729092e-11,3.2505746709788634
134.5,0.0,3.653248421412055,0.01404736827355568,263.0984678760563,6.75331197688928e-11,3.250326929232965
134.6,0.0,3.654651775384707,0.014019711179456598,263.2792668244727,4.4609033241837444e-11,3.25007946341682
134.7,0.0,3.6560523640379334,0.013992061885096217,263.4599897551157,4.894602258479387e-11,3.249832272497026
134.79999999999998,0.0,3.6574501881533714,0.01396442042365044,263.6406366263644,5.266344202161365e-11,3.249585355441058
134.9,0.0,3.658845248515964,0.013936786828233922,263.82120739662383,2.5402366151601876e-11,3.2493387112172716
135.0,0.0,3.6602375459139727,0.013909161131900015,264.0017020243235,4.77068827725206e-11,3.249092338794911
135.1,0.0,3.6616270811389486,0.013881543367640876,264.18212046791825,3.5315484649787974e-11,3.2488462371441083
135.20000000000002,0.0,3.66301385498575,0.01385393356838737,264.3624626858882,6.784290472196112e-11,3.248600405235891
135.29999999999998,0.0,3.66439786825252,0.013826331767009179,264.54272863673833,3.4695914743651346e-11,3.2483548420421884
135.39999999999998,0.0,3.665779121740687,0.013798737996314748,264.72291827899903,5.421236678695522e-11,3.2481095465358294
135.5,0.0,3.6671576162549555,0.01377115228905133,264.9030315712256,3.841333418047113e-11,3.247864517690552
135.6,0.0,3.668533352603301,0.01374357467790502,265.08306847199873,3.9032904086607764e-11,3.2476197544810055
135.7,0.0,3.6699063315969727,0.013716005195500763,265.26302893992425,7.496795864253238e-11,3.247375255882756
135.79999999999998,0.0,3.671276554050467,0.013688443874402373,265.44291293363307,5.885914108297996e-11,3.2471310208722888
135.9,0.0,3.672644020781543,0.013660890747112615,265.6227204117814,7.187010911184921e-11,3.246887048427014
136.0,0.0,3.674008732611201,0.013633345846073138,265.8024513330507,2.4473011292396934e-11,3.246643337525271
136.1,0.0,3.6753706903636885,0.01360580920366462,265.9821056561479,3.19078501660365e-11,3.246399887146331
136.20000000000002,0.0,3.6767298948664826,0.01357828085220674,266.1616833398046,2.106537680864546e-11,3.246156696270402
136.3,0.0,3.678086346950291,0.013550760823958232,266.341184342778,1.9516452043303882e-11,3.2459137638786344
136.39999999999998,0.0,3.6794400474490456,0.013523249151116929,266.5206086238509,6.815268967502944e-11,3.2456710889531206
136.49999999999997,0.0,3.6807909971998916,0.01349574586581982,266.69995614183085,9.293548592049467e-12,3.245428670476907
136.6,0.0,3.6821391970431905,0.013468251000143067,266.8792268555511,6.9701614440371e-11,3.2451865074339885
136.7,0.0,3.683484647822501,0.013440764586102097,267.05842072387003,3.748397932126619e-11,3.244944598809321
136.79999999999998,0.0,3.6848273503845905,0.013413286655651618,267.2375377056713,1.7347957371825673e-11,3.244702943588821
136.9,0.0,3.686167305579407,0.013385817240685702,267.41657775986414,2.106537680864546e-11,3.2444615407593687
137.0,0.0,3.6875045142600933,0.013358356373037814,267.5955408453831,5.885914108297996e-11,3.244220389308817
137.1,0.0,3.688838977282969,0.013330904084480892,267.7744269211879,5.7000431364570065e-11,3.2439794882259902
137.2,0.0,3.69017069550753,0.013303460406727417,267.95323594626404,4.9565592490930496e-11,3.243738836500692
137.3,0.0,3.691499669796438,0.013276025371429445,268.1319678796221,6.13374207075265e-11,3.2434984331237056
137.4,0.0,3.6928259010155173,0.013248599010178696,268.3106226802982,6.691354986275617e-11,3.243258277086803
137.49999999999997,0.0,3.6941493900337523,0.013221181354506643,268.48920030735405,4.306010847649587e-11,3.243018367382744
137.6,0.0,3.6954701377232704,0.013193772435884526,268.6677007198765,4.089161380501766e-11,3.242778703005282
137.7,0.0,3.696788144959352,0.013166372285723468,268.8461238769783,7.434838873639575e-12,3.242539282949168
137.79999999999998,0.0,3.698103412620406,0.013138980935374571,269.02446973779746,8.51908620937868e-11,3.2423001062101555
137.89999999999998,0.0,3.699415941587982,0.013111598416128915,269.2027382614974,4.739709781945229e-11,3.242061171785004
138.0,0.0,3.7007257327467484,0.01308422475921773,269.3809294072673,2.757086082308009e-11,3.2418224786714815
138.1,0.0,3.7020327869845,0.013056859995812404,269.5590431343218,4.429924828876913e-11,3.2415840258683684
138.2,0.0,3.703337105192141,0.013029504157024599,269.73707940190104,2.942957054148998e-11,3.241345812375464
138.3,0.0,3.7046386882636893,0.01300215727390636,269.91503816927093,3.221763511910482e-11,3.2411078371935895
138.4,0.0,3.705937537096258,0.012974819377450162,270.0929193957228,2.168494671478209e-11,3.2408700993245882
138.5,0.0,3.7072336525900598,0.012947490498588997,270.2707230405736,1.610881755955241e-11,3.240632597771336
138.6,0.0,3.708527035648398,0.012920170668196502,270.4484490631661,6.195699061366312e-11,3.240395331537738
138.7,0.0,3.709817687177662,0.012892859917087041,270.62609742286844,4.646774296024734e-11,3.240158299628739
138.79999999999998,0.0,3.711105608087317,0.012865558276015767,270.8036680790747,6.195699061366312e-13,3.239921501050322
138.89999999999998,0.0,3.712390799289902,0.012838265775678785,270.9811609912047,4.584817305411071e-11,3.2396849348095147
139.0,0.0,3.7136732617010226,0.012810982446713177,271.1585761187037,5.638086145843344e-11,3.239448599914393
139.1,0.0,3.7149529962393424,0.012783708319697142,271.33591342104285,5.235365706854534e-11,3.239212495374086
139.2,0.0,3.7162300038265847,0.012756443425150107,271.51317285771904,6.102763575445817e-11,3.238976620198776
139.3,0.0,3.717504285387519,0.012729187793532824,271.69035438825483,2.5712151104670196e-11,3.238740973399706
139.4,0.0,3.7187758418499577,0.012701941455247447,271.8674579721988,6.598419500355123e-11,3.2385055539891825
139.5,0.0,3.720044674144753,0.0126747044406377,272.04448356912525,3.96524739927444e-11,3.2382703609805774
139.6,0.0,3.7213107832057832,0.012647476779988903,272.2214311386342,4.925580753786218e-11,3.238035393388334
139.7,0.0,3.7225741699699593,0.012620258503528176,272.3983006403515,5.978849594218491e-11,3.23780065022797
139.79999999999998,0.0,3.7238348353772075,0.01259304964142448,272.5750920339292,4.708731286638397e-11,3.2375661305160803
139.89999999999998,0.0,3.725092780370468,0.012565850223788769,272.75180527904485,2.9119785588421666e-11,3.237331833270341
140.0,0.0,3.7263480058956904,0.012538660280674097,272.9284403354023,8.395172228151352e-11,3.2370977575095154
140.1,0.0,3.727600512901829,0.012511479842075728,273.10499716273085,1.1152258310459361e-11,3.236863902253453
140.2,0.0,3.728850302340829,0.012484308937931255,273.28147572078626,3.159806521296819e-11,3.236630266523101
140.29999999999998,0.0,3.730097375167631,0.012457147598120744,273.4578759693499,5.080473230320375e-11,3.2363968493404944
140.4,0.0,3.7313417323401605,0.012429995852466812,273.63419786822953,5.76200012707067e-11,3.2361636497287756
140.5,0.0,3.7325833748193205,0.012402853730734822,273.81044137725837,3.624483950899293e-11,3.2359306667121865
140.6,0.0,3.733822303568989,0.012375721262632892,273.9866064562964,1.548924765341578e-11,3.235697899316078
140.70000000000002,0.0,3.735058519556011,0.012348598477812169,274.16269306522906,6.164720566059481e-11,3.2354653465669085
140.8,0.0,3.7362920237501944,0.012321485405866837,274.3387011639682,4.646774296024734e-11,3.2352330074922553
140.89999999999998,0.0,3.737522817124304,0.012294382076334284,274.51463071245166,1.548924765341578e-11,3.2350008811208086
140.99999999999997,0.0,3.7387509006540545,0.012267288518695253,274.6904816706436,4.708731286638397e-11,3.234768966482383
141.1,0.0,3.73997627531811,0.012240204762373941,274.8662539985341,4.0581828851949346e-11,3.2345372626079154
141.2,0.0,3.7411989420980647,0.012213130836738178,275.04194765613977,3.3456774931378085e-11,3.2343057685294725
141.29999999999998,0.0,3.742418901978457,0.012186066771099496,275.2175626035029,2.2924086527055356e-11,3.2340744832802524
141.4,0.0,3.7436361559467466,0.012159012594713322,275.3930988006927,7.465817368946406e-11,3.233843405894589
141.5,0.0,3.7448507049933215,0.012131968336779072,275.56855620780397,2.6331721010806827e-11,3.2336125354079526
141.6,0.0,3.7460625501114824,0.012104934026440329,275.7439347849582,1.9516452043303882e-11,3.233381870856958
141.7,0.0,3.7472716922974443,0.012077909692784937,275.91923449230336,5.731021631763838e-11,3.233151411279366
141.8,0.0,3.7484781325503245,0.012050895364845179,276.0944552900132,3.624483950899293e-11,3.2329211557140836
141.9,0.0,3.7496818718721467,0.012023891071597901,276.2695971382883,1.6418602512620725e-11,3.2326911032011725
141.99999999999997,0.0,3.7508829112678246,0.011996896841964649,276.4446599973555,3.19078501660365e-11,3.232461252781849
142.1,0.0,3.7520812517451643,0.011969912704811818,276.61964382746794,7.310924892412248e-11,3.2322316034984895
142.2,0.0,3.753276894314853,0.0119429386889508,276.79454858890534,3.252742007217314e-11,3.232002154394633
142.29999999999998,0.0,3.754469839990456,0.011915974823138121,276.9693742419738,3.500569969671966e-11,3.2317729045149832
142.4,0.0,3.7556600897884187,0.011889021136075591,277.1441207470061,3.500569969671966e-11,3.231543852905414
142.5,0.0,3.7568476447280417,0.011862077656410447,277.3187880643614,2.044580690250883e-11,3.231314998612972
142.6,0.0,3.758032505831498,0.01183514441273551,277.4933761544253,5.1734087162408705e-11,3.2310863406858794
142.7,0.0,3.7592146741238146,0.011808221433589314,277.66788497761013,3.252742007217314e-11,3.230857878173538
142.8,0.0,3.7603941506328673,0.011781308747456271,277.84231449435487,2.6951290916943454e-11,3.230629610126532
142.9,0.0,3.7615709363893792,0.011754406382766825,278.01666466512506,3.5315484649787974e-11,3.2304015355966316
143.0,0.0,3.762745032426912,0.011727514367897582,278.1909354504129,3.96524739927444e-11,3.230173653636796
143.1,0.0,3.7639164397818656,0.011700632731171485,278.3651268107373,4.1201398758085973e-11,3.2299459633011764
143.2,0.0,3.7650851594934673,0.011673761500857943,278.53923870664386,3.996225894581271e-11,3.22971846364512
143.29999999999998,0.0,3.7662511926037685,0.011646900705173015,278.713271098705,5.452215174002354e-11,3.2294911537251734
143.39999999999998,0.0,3.767414540157642,0.011620050372279514,278.8872239475197,6.939182948730269e-11,3.2292640325990836
143.5,0.0,3.7685752032027686,0.011593210530287225,279.0610972137142,4.55383881010424e-11,3.2290370993258057
143.6,0.0,3.769733182789645,0.011566381207253014,279.234890857941,5.978849594218491e-11,3.2288103529655
143.7,0.0,3.7708884799715676,0.011539562431180985,279.40860484088,3.5315484649787974e-11,3.228583792579542
143.8,0.0,3.772041095804627,0.011512754230022662,279.58223912323774,3.3456774931378085e-11,3.2283574172305176
143.9,0.0,3.773191031347713,0.011485956631677124,279.75579366574755,3.19078501660365e-11,3.2281312259822346
144.0,0.0,3.774338287662496,0.011459169663991174,279.92926842917,4.089161380501766e-11,3.2279052178997207
144.1,0.0,3.775482865813433,0.011432393354759478,280.10266337429255,3.097849530683156e-11,3.2276793920492266
144.2,0.0,3.7766247668677573,0.01140562773172475,280.27597846192964,5.514172164616018e-11,3.227453747498232
144.29999999999998,0.0,3.7777639918954726,0.011378872822577905,280.44921365292277,2.942957054148998e-11,3.227228283315446
144.39999999999998,0.0,3.7789005419693487,0.01135212865495819,280.6223689081406,2.97393554945583e-11,3.227002998570812
144.5,0.0,3.7800344181649193,0.01132539525645337,280.79544418847865,3.717419436819787e-11,3.2267778923355093
144.6,0.0,3.7811656215604725,0.011298672654599898,280.96843945486006,4.3989463335700816e-11,3.2265529636819577
144.7,0.0,3.782294153237047,0.011271960876883041,281.14135466823467,4.491881819490576e-11,3.2263282116838194
144.79999999999998,0.0,3.7834200142784264,0.011245259950737057,281.3141897895798,3.19078501660365e-11,3.2261036354160018
144.9,0.0,3.7845432057711426,0.01121856990354538,281.48694477990006,2.3543656433191983e-11,3.2258792339546605
145.0,0.0,3.78566372880445,0.011191890762640738,281.65961960022696,1.1152258310459361e-11,3.225655006377205
145.1,0.0,3.786781584470347,0.01116522255530533,281.83221421162,4.306010847649587e-11,3.225430951762299
145.20000000000002,0.0,3.7878967738635514,0.011138565308771026,282.0047285751652,4.429924828876913e-11,3.225207069189863
145.29999999999998,0.0,3.789009298081501,0.011111919050219469,282.1771626519767,5.885914108297996e-11,3.224983357741078
145.39999999999998,0.0,3.7901191582243507,0.011085283806782269,282.34951640319554,7.403860378332742e-11,3.2247598164983895
145.5,0.0,3.7912263553949668,0.011058659605541159,282.5217897899904,6.474505519127796e-11,3.2245364445455107
145.6,0.0,3.7923308906989206,0.011032046473528177,282.6939827735576,5.483193669309186e-11,3.2243132409674207
145.7,0.0,3.793432765244483,0.011005444437725793,282.8660953151207,6.877225958116606e-11,3.2240902048503757
145.79999999999998,0.0,3.794531980142624,0.010978853525067086,283.0381273759309,1.7967527277962304e-11,3.223867335281904
145.9,0.0,3.7956285365069986,0.010952273762435946,283.21007891726714,4.429924828876913e-11,3.223644631350814
146.0,0.0,3.796722435453955,0.010925705176667166,283.3819499004357,7.187010911184921e-11,3.2234220921471923
146.1,0.0,3.797813678102515,0.01089914779454664,283.5537402867708,2.726107587001177e-11,3.223199716762415
146.20000000000002,0.0,3.7989022655743816,0.010872601642811563,283.72545003763423,-1.1462043263527678e-11,3.2229775042891395
146.3,0.0,3.7999881989939297,0.010846066748150527,283.89707911441536,1.548924765341578e-11,3.222755453821316
146.39999999999998,0.0,3.8010714794881975,0.010819543137203737,284.0686274785317,4.55383881010424e-11,3.222533564454185
146.49999999999997,0.0,3.8021521081868856,0.01079303083656314,284.2400950914282,5.94787109891166e-11,3.2223118352842848
146.6,0.0,3.803230086222353,0.010766529872772603,284.4114819145778,1.2391398122732624e-11,3.222090265409451
146.7,0.0,3.804305414729608,0.010740040272328085,284.5827879094814,1.2391398122732624e-11,3.221868853928819
146.79999999999998,0.0,3.8053780948463074,0.010713562061677782,284.7540130376676,6.3815700332073e-11,3.2216475999428282
146.9,0.0,3.8064481277127533,0.01068709526722229,284.9251572606931,4.089161380501766e-11,3.2214265025532254
147.0,0.0,3.807515514471881,0.010660639915314792,285.0962205401426,7.032118434650763e-11,3.2212055608630665
147.1,0.0,3.8085802562692592,0.010634196032261203,285.26720283762876,6.195699061366312e-11,3.220984773976717
147.2,0.0,3.809642354253089,0.010607763644320315,285.4381041147922,4.089161380501766e-11,3.220764140999861
147.3,0.0,3.8107018095741902,0.010581342777704008,285.6089243333021,3.0049140447626614e-11,3.2205436610394966
147.4,0.0,3.8117586233860026,0.010554933458577352,285.77966345485527,6.319613042593638e-11,3.220323333203943
147.49999999999997,0.0,3.812812796844584,0.010528535713058807,285.9503214411768,3.8723119133539444e-11,3.2201031566028435
147.6,0.0,3.8138643311086,0.010502149567220414,286.1208982540202,1.2391398122732624e-11,3.2198831303471627
147.7,0.0,3.8149132273393143,0.01047577504708786,286.29139385516714,5.142430220934039e-11,3.219663253549198
147.79999999999998,0.0,3.8159594867005997,0.010449412178640741,286.4618082064276,5.328301192775028e-11,3.2194435253225744
147.89999999999998,0.0,3.817003110358923,0.010423060987812668,286.6321412696397,-1.548924765341578e-11,3.219223944782251
148.0,0.0,3.818044099483337,0.010396721500491436,286.80239300667034,2.3543656433191983e-11,3.2190045110445236
148.1,0.0,3.819082455245486,0.010370393742519196,286.9725633794145,3.5315484649787974e-11,3.2187852232270253
148.2,0.0,3.820118178819599,0.010344077739692594,287.14265234979575,2.757086082308009e-11,3.2185660804487304
148.3,0.0,3.8211512713824725,0.010317773517762975,287.31265987976616,9.293548592049469e-13,3.218347081829958
148.4,0.0,3.8221817341134825,0.010291481102436474,287.48258593130635,5.2973226974681967e-11,3.218128226492372
148.5,0.0,3.823209568194573,0.010265200519374231,287.65243046642536,7.651688340787395e-11,3.2179095135589844
148.59999999999997,0.0,3.824234774810252,0.010238931794192533,287.82219344716117,2.106537680864546e-11,3.2176909421541615
148.7,0.0,3.825257355147586,0.010212674952462962,287.9918748355802,6.784290472196112e-11,3.2174725114036207
148.79999999999998,0.0,3.826277310396194,0.010186430019712558,288.16147459377754,2.6021936057738513e-11,3.217254220434436
148.89999999999998,0.0,3.8272946417482485,0.010160197021423996,288.33099268387724,3.0049140447626614e-11,3.2170360683750423
149.0,0.0,3.828309350398473,0.010133975983035693,288.5004290680319,5.0185162397067124e-11,3.2168180543552323
149.1,0.0,3.8293214375441202,0.010107766929942022,288.6697837084232,2.2924086527055356e-11,3.2166001775061663
149.2,0.0,3.830330904384992,0.01008156988749344,288.8390565672615,2.757086082308009e-11,3.2163824369603664
149.29999999999998,0.0,3.831337752123418,0.010055384880996629,289.00824760678614,3.438612979058303e-11,3.2161648318517275
149.4,0.0,3.8323419819642526,0.010029211935714672,289.17735678926545,4.522860314797408e-11,3.2159473613155134
149.5,0.0,3.8333435951148815,0.010003051076867215,289.3463840769967,4.213075361729092e-11,3.2157300244883613
149.6,0.0,3.8343425927852075,0.00997690232963058,289.51532943230626,2.6951290916943454e-11,3.215512820508285
149.70000000000002,0.0,3.835338976187645,0.009950765719137958,289.6841928175496,3.4695914743651346e-11,3.2152957485146767
149.79999999999998,0.0,3.8363327465371255,0.009924641270479553,289.8529741951114,4.2750323523427555e-11,3.2150788076483074
149.89999999999998,0.0,3.8373239050510857,0.00989852900870272,290.02167352740537,6.319613042593638e-11,3.2148619970513344
150.0,0.0,3.838312452949462,0.009872428958812126,290.1902907768744,6.009828089525323e-11,3.2146453158672967
150.1,0.0,3.8392983914546894,0.009846341145769886,290.3588259059909,3.748397932126619e-11,3.214428763241124
150.2,0.0,3.8402817217917034,0.00982026559449575,290.5272788772563,2.6331721010806827e-11,3.2142123383191343
150.29999999999998,0.0,3.841262445187921,0.009794202329867194,290.6956496532019,7.217989406491754e-11,3.213996040249038
150.4,0.0,3.842240562873252,0.009768151376719625,290.86393819638744,2.1375161761713778e-11,3.2137798681799405
150.5,0.0,3.8432160760800786,0.009742112759846502,291.03214446940336,3.4695914743651346e-11,3.213563821262344
150.6,0.0,3.8441889860432723,0.009716086503999471,291.2002684348685,5.576129155229681e-11,3.2133478986481503
150.70000000000002,0.0,3.845159294000166,0.009690072633888543,291.368310055432,5.854935612991165e-11,3.2131320994906614
150.8,0.0,3.8461270011905677,0.009664071174182201,291.536269293772,3.5315484649787974e-11,3.2129164229445846
150.89999999999998,0.0,3.8470921088567542,0.009638082149507584,291.70414611259685,3.996225894581271e-11,3.212700868166032
150.99999999999997,0.0,3.848054618243452,0.009612105584450603,291.8719404746441,6.9701614440371e-11,3.2124854343125224
151.1,0.0,3.849014530597852,0.00958614150355609,292.03965234268117,8.983763638981152e-12,3.212270120542989
151.2,0.0,3.849971847169595,0.009560189931327946,292.21599259393906,4.646774296024734e-11,3.2120549260177738
151.29999999999998,0.0,3.850926569210774,0.009534250892229281,292.3935397790677,4.3989463335700816e-11,3.211839849898635
151.4,0.0,3.851878697975919,0.009508324410682565,292.5710175137617,7.248967901798586e-11,3.211624891348747
151.5,0.0,3.852828234722005,0.00948241051106972,292.74842575080356,6.071785080138986e-11,3.2114100495327045
151.6,0.0,3.853775180708447,0.009456509217732343,292.92576444299135,5.2043872115477026e-11,3.21119532361652
151.7,0.0,3.854719537197083,0.009430620554971752,293.10303354313805,5.669064641150175e-11,3.210980712767635
151.8,0.0,3.855661305452185,0.009404744547049204,293.28023300407284,7.5587528548669e-11,3.21076621615491
151.9,0.0,3.8566004867404446,0.009378881218185961,293.4573627786402,3.37665598844464e-11,3.2105518329486373
151.99999999999997,0.0,3.8575370823309827,0.009353030592563495,293.6344228197002,6.071785080138986e-11,3.210337562320538
152.1,0.0,3.8584710934953286,0.00932719269432355,293.81141308012894,4.646774296024734e-11,3.210123403443763
152.2,0.0,3.85940252150742,0.009301367547568338,293.988333512818,5.390258183388691e-11,3.2099093554928992
152.29999999999998,0.0,3.8603313676436173,0.009275555176360641,294.16518407067514,2.5712151104670196e-11,3.209695417643968
152.39999999999998,0.0,3.861257633182672,0.00924975560472394,294.3419647066238,3.9032904086607764e-11,3.2094815890744277
152.5,0.0,3.86218131940574,0.009223968856642561,294.5186753736034,3.097849530683156e-11,3.209267868963179
152.6,0.0,3.8631024275963757,0.0091981949560618,294.69531602456954,7.868537807935217e-11,3.2090542564905613
152.7,0.0,3.864020959040522,0.009172433926888046,294.8718866124937,6.536462509741459e-11,3.2088407508383603
152.8,0.0,3.8649369150265174,0.009146685792988905,295.0483870903638,2.7880645776148405e-11,3.2086273511898065
152.9,0.0,3.865850296845075,0.009120950578193352,295.2248174111838,2.942957054148998e-11,3.208414056729578
153.0,0.0,3.866761105789299,0.009095228306291826,295.4011775279739,3.96524739927444e-11,3.208200866643802
153.1,0.0,3.8676693431546663,0.009069519001036383,295.57746739377086,3.8723119133539444e-11,3.2079877801200607
153.2,0.0,3.8685750102390246,0.009043822686140787,295.7536869616276,7.310924892412248e-11,3.2077747963473846
153.29999999999998,0.0,3.8694781083425984,0.009018139385280661,295.92983618461363,7.527774359560069e-11,3.207561914516264
153.39999999999998,0.0,3.8703786387679657,0.008992469122093609,296.105915015815,5.266344202161365e-11,3.207349133818644
153.5,0.0,3.8712766028200796,0.008966811920179315,296.28192340833436,3.96524739927444e-11,3.207136453447931
153.6,0.0,3.8721720018062418,0.008941167803099684,296.4578613152909,3.19078501660365e-11,3.206923872598991
153.7,0.0,3.873064837036118,0.008915536794378946,296.63372868982077,2.6021936057738513e-11,3.206711390468154
153.8,0.0,3.8739551098217113,0.008889918917503794,296.8095254850766,8.302236742230857e-11,3.206499006253215
153.9,0.0,3.8748428214773845,0.008864314195923465,296.98525165422797,1.827731223103062e-11,3.206286719153434
154.0,0.0,3.8757279733198335,0.008838722653049908,297.1609071504615,6.288634547286806e-11,3.206074528369542
154.1,0.0,3.8766105666680972,0.008813144312257836,297.33649192698067,4.832645267865723e-11,3.205862433103738
154.2,0.0,3.8774906028435527,0.008787579196884904,297.512005937006,4.3679678382632496e-11,3.2056504325596955
154.29999999999998,0.0,3.87836808316991,0.008762027330231771,297.687449133775,6.335102290247054e-11,3.2054385259425615
154.39999999999998,0.0,3.8792430089731997,0.008736488735562238,297.8628214705426,5.0185162397067124e-11,3.2052267124589564
154.5,0.0,3.8801153815817804,0.008710963436103341,298.03812290058073,3.949758151621024e-11,3.2050149913169808
154.6,0.0,3.880985202326341,0.00868545145504547,298.2133533771787,4.708731286638397e-11,3.2048033617262135
154.7,0.0,3.881852472539868,0.008659952815542502,298.3885128536432,4.1666076187688444e-11,3.204591822897715
154.79999999999998,0.0,3.8827171935576823,0.008634467540711854,298.56360128329817,2.5712151104670196e-11,3.2043803740440264
154.9,0.0,3.8835793667173975,0.008608995653634629,298.7386186194853,6.335102290247054e-11,3.2041690143791763
155.0,0.0,3.884438993358947,0.008583537177355709,298.9135648155635,1.9671344519838042e-11,3.2039577431186776
155.1,0.0,3.8852960748245575,0.00855809213488386,299.0884398249097,-6.660376490968785e-12,3.2037465594795305
155.20000000000002,0.0,3.8861506124587635,0.008532660549191827,299.26324360091814,7.094075425264426e-11,3.203535462680226
155.29999999999998,0.0,3.887002607608385,0.008507242443216455,299.4379760970009,6.164720566059481e-11,3.2033244519407464
155.39999999999998,0.0,3.887852061622538,0.008481837839858744,299.61263726658797,6.985650691690517e-11,3.2031135264825656
155.49999999999997,0.0,3.888698975852631,0.008456446761984029,299.78722706312715,6.211188309019727e-11,3.2029026855286524
155.6,0.0,3.8895433516523483,0.008431069232422,299.96174544008403,6.3815700332073e-11,3.202691928303471
155.7,0.0,3.8903851903776716,0.008405705273966809,300.1361923509425,5.7000431364570065e-11,3.202481254032986
155.79999999999998,0.0,3.8912244933868356,0.008380354909377219,300.3105677492044,6.335102290247054e-11,3.2022706619446573
155.9,0.0,3.8920612620403747,0.008355018161376638,300.4848715883894,3.392145236098056e-11,3.2020601512674487
156.0,0.0,3.892895497701077,0.00832969505265326,300.65910382203595,5.2973226974681967e-11,3.2018497212318255
156.1,0.0,3.893727201734001,0.008304385605860104,300.83326440370024,4.77068827725206e-11,3.2016393710697555
156.2,0.0,3.8945563755064754,0.008279089843615159,301.007353286957,5.1114517256272065e-11,3.2014291000147153
156.3,0.0,3.895383020388082,0.008253807788501438,301.1813704253996,7.574242102520316e-11,3.201218907301685
156.39999999999998,0.0,3.896207137750661,0.008228539463067083,301.35531577263947,3.887801161007361e-11,3.2010087921671553
156.49999999999997,0.0,3.8970287289683045,0.008203284889825439,301.5291892823068,5.731021631763838e-11,3.2007987538491274
156.6,0.0,3.897847795417357,0.008178044091255155,301.70299090805025,3.996225894581271e-11,3.200588791587113
156.7,0.0,3.8986643384764106,0.008152817089800249,301.87672060353725,6.877225958116606e-11,3.2003789046221365
156.79999999999998,0.0,3.899478359526296,0.008127603907870226,302.050378322454,3.1288280259899875e-11,3.2001690921967376
156.9,0.0,3.9002898599500826,0.008102404567840121,302.2239640185054,4.290521599996171e-11,3.1999593535549726
157.0,0.0,3.901098841133076,0.008077219092050605,302.3974776454154,5.638086145843344e-11,3.199749687942414
157.1,0.0,3.9019053044628182,0.00805204750280804,302.5709191569266,5.76200012707067e-11,3.1995400946061534
157.2,0.0,3.902709251329077,0.008026889822384609,302.7442885068008,5.669064641150175e-11,3.1993305727948034
157.3,0.0,3.903510683123846,0.008001746073018325,302.91758564881883,8.673978685912837e-12,3.1991211217584983
157.4,0.0,3.904309601241344,0.007976616276913168,303.09081053678074,4.724220534291813e-11,3.198911740748894
157.49999999999997,0.0,3.9051060070780004,0.007951500456239113,303.2639631245056,6.350591537900469e-11,3.198702429019172
157.6,0.0,3.905899902032471,0.007926398633132244,303.437043365832,3.624483950899293e-11,3.198493185824042
157.7,0.0,3.906691287505614,0.007901310829694785,303.6100512146177,6.288634547286806e-11,3.1982840104197354
157.79999999999998,0.0,3.907480164900497,0.00787623706799522,303.7829866247401,9.64980128807803e-11,3.198074902064017
157.89999999999998,0.0,3.9082665356223996,0.00785117737006832,303.95584955009554,6.551951757394875e-11,3.197865860016178
158.0,0.0,3.909050401078799,0.00782613175791523,304.12863994460076,4.336989342956418e-11,3.197656883537045
158.1,0.0,3.9098317626793695,0.007801100253503547,304.3013577621914,5.421236678695522e-11,3.1974479718889732
158.2,0.0,3.910610621835985,0.007776082878767367,304.4740029568231,5.3437904404284444e-11,3.1972391243358533
158.3,0.0,3.911386979962703,0.007751079655607347,304.6465754824713,6.211188309019727e-11,3.19703034014311
158.4,0.0,3.9121608384757782,0.007726090605890813,304.81907529313094,4.7551990295986444e-11,3.196821618577706
158.5,0.0,3.912932198793643,0.007701115751451755,304.99150234281745,5.235365706854534e-11,3.1966129589081405
158.6,0.0,3.913701062336922,0.007676155114090951,305.1638565855658,6.536462509741459e-11,3.1964043604044514
158.7,0.0,3.914467430528403,0.007651208715575991,305.336137975431,1.3010968028869256e-11,3.196195822338218
158.79999999999998,0.0,3.9152313047930645,0.007626276577641337,305.5083464664884,5.839446365337748e-11,3.19598734398256
158.89999999999998,0.0,3.9159926865580483,0.007601358721988414,305.68048201283335,8.4416399711116e-11,3.1957789246121386
159.0,0.0,3.91675157725266,0.007576455170285621,305.8525445685815,1.1090301319845699e-10,3.1955705635031606
159.1,0.0,3.917507978308383,0.0075515659441684115,306.02453408786886,8.828871162446995e-11,3.195362259933377
159.2,0.0,3.9182618911588545,0.0075266910652393585,306.19645052485185,4.77068827725206e-11,3.195154013182084
159.29999999999998,0.0,3.9190133172398687,0.007501830555068185,306.3682938337073,7.93049479854888e-11,3.1949458225301255
159.4,0.0,3.9197622579893827,0.0074769844351918165,306.54006396863264,1.3785430411540046e-11,3.1947376872598943
159.5,0.0,3.920508714847498,0.007452152727114456,306.71176088384584,9.169634610822142e-11,3.1945296066553333
159.6,0.0,3.9212526892564696,0.007427335452307614,306.88338453358546,8.100876522736453e-11,3.194321580001934
159.70000000000002,0.0,3.921994182660695,0.007402532632210146,307.05493487211106,6.768801224542696e-11,3.19411360658674
159.79999999999998,0.0,3.922733196506716,0.007377744288228332,307.22641185370287,4.011715142234687e-11,3.19390568569835
159.89999999999998,0.0,3.9234697322432144,0.007352970441735901,307.39781543266207,7.310924892412248e-11,3.1936978166269148
160.0,0.0,3.9242037913210055,0.0073282111140740725,307.56914556331077,9.293548592049468e-11,3.1934899986641394
160.1,0.0,3.9249353751930376,0.007303466326551608,307.74040219999193,7.543263607213484e-11,3.1932822311032867
160.2,0.0,3.9256644853143867,0.007278736100444851,307.91158529706996,5.7000431364570065e-11,3.193074513239175
160.29999999999998,0.0,3.92639112314226,0.007254020456997783,308.0826948089303,2.3543656433191983e-11,3.1928668443681825
160.4,0.0,3.9271152901359785,0.007229319417422034,308.2537306899797,6.536462509741459e-11,3.1926592237882443
160.5,0.0,3.9278369877569936,0.007204633002896936,308.42469289464594,5.901403355951411e-11,3.1924516507988594
160.6,0.0,3.9285562174688673,0.0071799612345695655,308.5955813773787,7.279946397105417e-11,3.192244124701083
160.70000000000002,0.0,3.929272980737275,0.007155304133554781,308.76639609264873,3.701930189166371e-11,3.1920366447975366
160.8,0.0,3.9299872790299983,0.007130661720935245,308.93713699494845,3.96524739927444e-11,3.1918292103924015
160.89999999999998,0.0,3.9306991138169343,0.007106034017761472,309.107804038792,5.6071076505365124e-11,3.191621820791427
160.99999999999997,0.0,3.931408486570077,0.00708142104505184,309.278397178715,7.032118434650763e-11,3.1914144753019227
161.1,0.0,3.9321153987635173,0.007056822823792656,309.448916369275,6.815268967502944e-11,3.191207173232768
161.2,0.0,3.932819851873456,0.007032239374938158,309.6193615650514,6.64488724331537e-11,3.1909999138944074
161.29999999999998,0.0,3.9335218473781706,0.007007670719410555,309.78973272064525,5.142430220934039e-11,3.1907926965988547
161.4,0.0,3.934221386758046,0.006983116878100054,309.96002979068,7.45032812129299e-11,3.19058552065969
161.5,0.0,3.934918471495544,0.006958577871864879,310.13025272980076,2.865510815881919e-11,3.1903783853920653
161.6,0.0,3.9356131030752137,0.00693405372153132,310.30040149267506,7.187010911184921e-11,3.1901712901127017
161.7,0.0,3.9363052829836866,0.006909544447893732,310.47047603399244,6.226677556673144e-11,3.189964234139892
161.8,0.0,3.9369950127096662,0.006885050071714568,310.6404763084648,6.536462509741459e-11,3.1897572167935007
161.9,0.0,3.9376822937439377,0.006860570613724404,310.81040227082633,-4.491881819490576e-12,3.1895502373949665
161.99999999999997,0.0,3.9383671275793555,0.006836106094621959,310.98025387583397,6.195699061366312e-11,3.189343295267302
162.1,0.0,3.939049515710841,0.006811656535074124,311.15003107826647,3.159806521296819e-11,3.189136389735093
162.2,0.0,3.939729459635378,0.0067872219557159495,311.31973383292586,3.5625269602856294e-11,3.188929520124501
162.29999999999998,0.0,3.9404069608520214,0.006762802377150706,311.4893620946364,4.3215000953030026e-11,3.1887226857632656
162.39999999999998,0.0,3.9410820208618786,0.006738397819949867,311.6589158182453,9.045720629594816e-11,3.1885158859807015
162.5,0.0,3.9417546411681075,0.006714008304653143,311.8283949586222,2.7725753299614248e-11,3.1883091201077014
162.6,0.0,3.9424248232759274,0.006689633851768497,311.9977994706603,1.031583893717491e-10,3.1881023874767385
162.7,0.0,3.9430925686926077,0.0066652744817721375,312.16712930927497,3.841333418047113e-11,3.1878956874218645
162.8,0.0,3.943757878927452,0.006640930215108562,312.33638442940514,5.126940973280623e-11,3.1876890192787073
162.9,0.0,3.9444207554918154,0.006616601072190534,312.50556478601254,2.3543656433191983e-11,3.187482382384483
163.0,0.0,3.9450811998990973,0.006592287073399122,312.67467033408224,9.572355049810952e-11,3.187275776077983
163.09999999999997,0.0,3.9457392136647194,0.006567988239083702,312.8437010286224,4.1666076187688444e-11,3.1870691996995837
163.2,0.0,3.946394798306148,0.006543704589561941,313.0126568246648,6.64488724331537e-11,3.1868626525912434
163.29999999999998,0.0,3.947047955342884,0.006519436145119842,313.18153767726426,2.726107587001177e-11,3.1866561340965047
163.39999999999998,0.0,3.9476986862964396,0.006495182926011722,313.3503435414993,8.581043199992342e-11,3.186449643560494
163.5,0.0,3.948346992690366,0.00647094495246023,313.5190743724717,8.859849657753826e-11,3.1862431803299223
163.6,0.0,3.948992876050222,0.00644672224465635,313.68773012530744,7.171521663531505e-11,3.1860367437530863
163.7,0.0,3.949636337903592,0.006422514822759403,313.8563107551555,5.266344202161365e-11,3.1858303331798696
163.79999999999998,0.0,3.950277379780072,0.006398322706897026,314.0248162171892,3.237252759563898e-11,3.1856239479617425
163.9,0.0,3.9509160032112756,0.006374145917165219,314.1932464666055,2.9119785588421666e-11,3.18541758745176
164.0,0.0,3.9515522097308184,0.006349984473628305,314.36160145862505,4.832645267865723e-11,3.18521125100457
164.1,0.0,3.952186000874314,0.006325838396318948,314.52988114849296,5.638086145843344e-11,3.1850049379764034
164.2,0.0,3.9528173781793927,0.006301707705238138,314.698085491478,9.94409699349293e-11,3.184798647725085
164.29999999999998,0.0,3.9534463431856706,0.006277592420355211,314.86621444287334,6.582930252701706e-11,3.184592379610026
164.39999999999998,0.0,3.9540728974347705,0.0062534925616078065,315.0342679579964,5.483193669309186e-11,3.1843861329922296
164.5,0.0,3.9546970424702943,0.006229408148901904,315.20224599218875,7.744623826707889e-11,3.1841799072342893
164.6,0.0,3.955318779837845,0.0062053392021117855,315.3701485008164,4.95655924909305e-12,3.1839737017003893
164.7,0.0,3.9559381110850054,0.006181285741080041,315.53797543926987,5.622596898189929e-11,3.183767515756306
164.79999999999998,0.0,3.95655503776134,0.006157247785617559,315.70572676296433,1.9671344519838042e-11,3.1835613487694094
164.9,0.0,3.957169561418396,0.006133225355503521,315.87340242733916,2.2924086527055356e-11,3.1833552001086587
165.0,0.0,3.957781683609698,0.0061092184704853785,316.041002387859,4.1820968664222606e-12,3.1831490691446107
165.1,0.0,3.958391405890736,0.006085227150278862,316.2085266000128,6.474505519127796e-11,3.1829429552494126
165.20000000000002,0.0,3.958998729818977,0.00606125141456795,316.3759750193145,6.629397995661954e-11,3.1827368577968076
165.29999999999998,0.0,3.959603656953856,0.006037291283004866,316.543347601303,8.193812008656947e-11,3.1825307761621335
165.39999999999998,0.0,3.960206188856766,0.006013346775210052,316.7106443015422,6.520973262088042e-11,3.1823247097223217
165.49999999999997,0.0,3.960806327091064,0.005989417910772186,316.87786507562106,1.703817241875736e-11,3.1821186578559004
165.6,0.0,3.9614040732220688,0.005965504709248119,317.0450098791536,6.13374207075265e-11,3.181912619942993
165.7,0.0,3.9619994288170366,0.005941607190162901,317.21207866777934,6.304123794940223e-11,3.1817065953653203
165.79999999999998,0.0,3.962592395445196,0.005917725373009737,317.3790713971627,3.252742007217314e-11,3.1815005835061974
165.9,0.0,3.9631829746777103,0.005893859277249979,317.545988022994,8.007941036815959e-11,3.1812945837505393
166.0,0.0,3.9637711680876846,0.0058700089223130995,317.7128285009885,8.03891953212279e-11,3.1810885954848556
166.1,0.0,3.964356977250183,0.005846174327596687,317.8795927868873,1.9361559566769722e-11,3.180882618097256
166.2,0.0,3.964940403742185,0.005822355512466413,318.0462808364572,3.701930189166371e-11,3.1806766509774476
166.3,0.0,3.9655214491426216,0.005798552496255995,318.2128926054905,4.646774296024734e-11,3.1804706935167344
166.39999999999998,0.0,3.966100115032348,0.005774765298267212,318.37942804980514,4.011715142234687e-11,3.1802647451080213
166.49999999999997,0.0,3.96667640299415,0.005750993937769842,318.54588712524543,4.739709781945229e-11,3.1800588051458116
166.6,0.0,3.9672503146127402,0.005727238434001665,318.71226978768107,6.706844233929033e-11,3.179852873026207
166.7,0.0,3.967821851474747,0.005703498806168423,318.87857599300804,7.465817368946406e-11,3.17964694814691
166.79999999999998,0.0,3.968391015168728,0.005679775073443794,319.04480569714843,7.744623826707889e-11,3.179441029907221
166.89999999999998,0.0,3.968957807285149,0.005656067254969381,319.21095885605035,4.9565592490930496e-11,3.1792351177080436
167.0,0.0,3.9695222294163877,0.005632375369854657,319.3770354256883,9.169634610822142e-11,3.1790292109518803
167.1,0.0,3.9700842831567402,0.005608699437176967,319.5430353620629,5.250854954507949e-11,3.178823309042833
167.2,0.0,3.9706439701024,0.005585039475981469,319.7089586212015,7.295435644758833e-11,3.1786174113866057
167.3,0.0,3.971201291851462,0.005561395505281133,319.87480515915763,8.813381914793578e-11,3.1784115173905043
167.4,0.0,3.9717562500039296,0.005537767544056681,320.0405749320113,2.6021936057738513e-11,3.1782056264634337
167.5,0.0,3.9723088461616918,0.005514155611256578,320.2062678958697,4.197586114075676e-11,3.1779997380159037
167.6,0.0,3.9728590819285463,0.005490559725796991,320.3718840068661,6.443527023820965e-11,3.1777938514600224
167.7,0.0,3.973406958910165,0.005466979906561757,320.53742322116096,2.1375161761713778e-11,3.177587966209501
167.79999999999998,0.0,3.973952478714115,0.005443416172402341,320.70288549494137,2.5092581198533562e-11,3.1773820816796525
167.89999999999998,0.0,3.9744956429498406,0.005419868542137824,320.8682707844216,4.491881819490576e-11,3.1771761972873933
168.0,0.0,3.9750364532286735,0.005396337034554838,321.0335790458428,3.159806521296819e-11,3.1769703124512407
168.1,0.0,3.975574911163822,0.005372821668407557,321.1988102354733,2.168494671478209e-11,3.176764426591314
168.2,0.0,3.976111018370365,0.005349322462417633,321.3639643096085,7.899516303242048e-11,3.176558539129337
168.3,0.0,3.9766447764652497,0.005325839435274191,321.5290412245711,2.9119785588421666e-11,3.1763526494886354
168.4,0.0,3.9771761870672924,0.005302372605633759,321.69404093671136,5.3592796880818594e-11,3.176146757094136
168.5,0.0,3.97770525179718,0.0052789219921202555,321.8589634024067,6.908204453423438e-11,3.17594086137237
168.6,0.0,3.9782319722774533,0.005255487613324929,322.023808578062,3.748397932126619e-11,3.175734961751471
168.7,0.0,3.9787563501325094,0.005232069487806337,322.1885764201101,5.390258183388691e-11,3.1755290576611777
168.79999999999998,0.0,3.9792783869886046,0.005208667634090282,322.35326688501124,6.923693701076853e-11,3.1753231485328266
168.89999999999998,0.0,3.9797980844738436,0.005185282070669798,322.5178799292533,1.0439752918402235e-10,3.1751172337993627
169.0,0.0,3.9803154442181765,0.005161912816005089,322.68241550935204,5.266344202161365e-11,3.1749113128953317
169.1,0.0,3.980830467853403,0.005138559888523491,322.8468735818514,3.7638871797800346e-11,3.174705385256882
169.2,0.0,3.9813431570131623,0.005115223306619437,323.0112541033229,8.581043199992342e-11,3.1744994503217656
169.29999999999998,0.0,3.981853513332922,0.005091903088654388,323.17555703036635,3.9342689039676084e-11,3.1742935075293377
169.4,0.0,3.982361538450005,0.005068599252956825,323.3397823196096,3.5625269602856294e-11,3.1740875563205577
169.5,0.0,3.9828672340035407,0.005045311817822181,323.50392992770884,6.939182948730269e-11,3.1738815961379854
169.6,0.0,3.983370601634511,0.005022040801512795,323.66799981134847,9.278059344396053e-11,3.1736756264257866
169.70000000000002,0.0,3.983871642985696,0.004998786222257878,323.8319919272411,8.379682980497937e-11,3.1734696466297287
169.79999999999998,0.0,3.984370359701723,0.004975548098253444,323.9959062321281,6.350591537900469e-11,3.1732636561971805
169.89999999999998,0.0,3.9848667534290185,0.004952326447662301,324.15974268277927,2.6951290916943454e-11,3.1730576545771165
169.99999999999997,0.0,3.985360825815833,0.004929121288613964,324.32350123599304,4.429924828876913e-11,3.172851641220113
170.1,0.0,3.985852578512225,0.004905932639204635,324.48718184859626,7.729134579054474e-11,3.172645615578349
170.2,0.0,3.986342013170059,0.004882760517497129,324.6507844774449,8.36419373284452e-11,3.1724395771056044
170.29999999999998,0.0,3.9868291314430095,0.004859604941520844,324.81430907942365,6.877225958116606e-11,3.172233525257264
170.4,0.0,3.987313934986551,0.004836465929271705,324.97775561144624,7.187010911184921e-11,3.1720274594903146
170.5,0.0,3.9877964254579488,0.004813343498712117,325.1411240304551,4.677752791331565e-11,3.1718213792633434
170.6,0.0,3.9882766045162725,0.004790237667770901,325.3044142934221,4.2750323523427555e-11,3.171615284036542
170.7,0.0,3.9887544738223784,0.004767148454343274,325.46762635734814,6.551951757394875e-11,3.171409173271702
170.8,0.0,3.9892300350389096,0.004744075876290753,325.6307601792633,2.5092581198533562e-11,3.1712030464322183
170.89999999999998,0.0,3.989703289830297,0.004721019951441135,325.79381571622713,5.235365706854534e-11,3.170996902983088
170.99999999999997,0.0,3.99017423986275,0.00469798069758844,325.95679292532856,9.634312040424614e-11,3.170790742390907
171.1,0.0,3.99064288680425,0.004674958132492848,326.1196917636859,9.851161507572436e-11,3.170584564123875
171.2,0.0,3.9911092323245723,0.0046519522738806465,326.282512188447,3.5315484649787974e-11,3.170378367651792
171.29999999999998,0.0,3.991573278095237,0.004628963139444191,326.4452541567897,4.77068827725206e-11,3.1701721524460584
171.4,0.0,3.992035025789552,0.004605990746841831,326.6079176259211,3.237252759563898e-11,3.169965917979675
171.5,0.0,3.9924944770825794,0.004583035113697871,326.7705025530786,5.916892603604827e-11,3.169759663727244
171.6,0.0,3.9929516336511446,0.004560096257602511,326.9330088955289,6.226677556673144e-11,3.169553389164966
171.7,0.0,3.99340649717383,0.004537174196111776,327.0954366105694,7.806580817321553e-11,3.169347093770645
171.8,0.0,3.9938590693309726,0.004514268946747493,327.2577856555269,7.63619909313398e-11,3.16914077702368
171.9,0.0,3.994309351804661,0.004491380526997191,327.42005598775853,3.701930189166371e-11,3.1689344384050733
171.99999999999997,0.0,3.9947573462787274,0.004468508954314092,327.5822475646519,9.123166867861895e-11,3.1687280773974233
172.1,0.0,3.995203054438749,0.004445654246117012,327.74436034362435,9.076699124901647e-11,3.168521693484929
172.2,0.0,3.9956464779720444,0.004422816419790336,327.90639428212415,4.693242038984981e-11,3.168315286153388
172.29999999999998,0.0,3.9960876185676657,0.0043999954926839365,328.0683493376298,5.2973226974681967e-11,3.1681088548901943
172.39999999999998,0.0,3.9965264779164067,0.00437719148211313,328.2302254676504,2.9119785588421666e-11,3.1679023991843422
172.5,0.0,3.9969630577107784,0.004354404405358611,328.3920226297254,6.908204453423438e-11,3.1676959185264213
172.6,0.0,3.9973973596450296,0.004331634279666401,328.5537407814251,8.023430284469374e-11,3.167489412408619
172.7,0.0,3.9978293854151277,0.004308881122247782,328.7153798803507,2.8500215682285032e-11,3.1672828803247204
172.8,0.0,3.998259136718752,0.004286144950279239,328.8769398841341,2.865510815881919e-11,3.1670763217701046
172.9,0.0,3.998686615255312,0.004263425780902406,329.0384207504383,5.0959624779737914e-11,3.1668697362417504
173.0,0.0,3.9991118227259177,0.004240723631223997,329.19982243695694,7.434838873639574e-11,3.1666631232382296
173.09999999999997,0.0,3.999534760833395,0.004218038518315762,329.3611449014151,8.503596961725263e-11,3.1664564822597097
173.2,0.0,3.9999554312822707,0.0041953704592143995,329.52238810156894,4.3989463335700816e-11,3.1662498128079526
173.29999999999998,0.0,4.000373835778782,0.004172719470921538,329.6835519952058,6.691354986275617e-11,3.166043114386316
173.39999999999998,0.0,4.000789976030844,0.004150085570403616,329.8446365401443,3.748397932126619e-11,3.1658363864997523
173.5,0.0,4.001203853748097,0.0041274687745918815,330.0056416942347,7.496795864253238e-11,3.1656296286548047
173.6,0.0,4.001615470641846,0.004104869100382299,330.1665674153585,6.505484014434627e-11,3.1654228403596103
173.7,0.0,4.002024828425093,0.004082286564635485,330.327413661429,1.2050634674357478e-10,3.1652160211238995
173.79999999999998,0.0,4.002431928812535,0.004059721184176663,330.4881803903908,6.939182948730269e-11,3.1650091704589975
173.9,0.0,4.002836773520533,0.004037172975795595,330.6488675602207,7.202500158838338e-11,3.1648022878778153
174.0,0.0,4.003239364267135,0.00401464195624651,330.8094751289268,3.1288280259899875e-11,3.16459537289486
174.1,0.0,4.003639702772061,0.0039921281422480625,330.9700030545495,2.9119785588421666e-11,3.164388425026229
174.2,0.0,4.004037790756696,0.003969631550483243,331.130451295161,5.2973226974681967e-11,3.1641814437896074
174.29999999999998,0.0,4.0044336299441,0.003947152197599347,331.2908198088656,2.4782796245465248e-11,3.163974428704272
174.39999999999998,0.0,4.004827222058993,0.00392469010020788,331.45110855379954,4.77068827725206e-11,3.1637673792910888
174.5,0.0,4.005218568827748,0.0039022452748845218,331.61131748813153,2.323387148012367e-11,3.163560295072511
174.6,0.0,4.005607671978399,0.003879817738169049,331.7714465700623,3.361166740791224e-11,3.163353175572582
174.7,0.0,4.005994533240638,0.003857407506565277,331.9314957578253,3.0513817877229085e-11,3.163146020316931
174.79999999999998,0.0,4.006379154345789,0.0038350145965409988,332.0914650096861,5.901403355951411e-11,3.162938828832775
174.9,0.0,4.0067615370268435,0.00381263902452791,332.251354283943,9.696269031038278e-11,3.1627316006489177
175.0,0.0,4.007141683018419,0.00379028080692156,332.4111635389267,9.154145363168726e-11,3.1625243352957484
175.1,0.0,4.007519594056768,0.0037679399600812832,332.57089273300073,6.536462509741459e-11,3.162317032305242
175.20000000000002,0.0,4.0078952718797884,0.0037456165003301348,332.73054182456156,4.600306553064487e-11,3.1621096912109565
175.3,0.0,4.008268718227002,0.003723310443954827,332.89011077203804,6.722333481582448e-11,3.161902311548037
175.39999999999998,0.0,4.008639934839561,0.0037010218072056644,333.04959953389243,8.735935676526499e-11,3.161694892853208
175.49999999999997,0.0,4.009008923460235,0.0036787506062964867,333.2090080686196,1.053268840432273e-10,3.1614874346647808
175.6,0.0,4.009375685833419,0.003656496857404596,333.3683363347478,4.7551990295986444e-11,3.161279936522645
175.7,0.0,4.009740223705126,0.003634260576670702,333.52758429083826,2.5092581198533562e-11,3.161072397968277
175.79999999999998,0.0,4.010102538822969,0.0036120417801988485,333.68675189548566,5.823957117684333e-11,3.160864818544728
175.9,0.0,4.010462632936179,0.00358984048405636,333.8458391073178,3.6864409415129555e-11,3.1606571977966333
176.0,0.0,4.010820507795598,0.0035676567042737663,334.0048458849958,4.55383881010424e-11,3.1604495352702062
176.1,0.0,4.011176165153652,0.00354549045684475,334.16377218721453,6.675865738622202e-11,3.16024183051324
176.2,0.0,4.01152960676438,0.003523341757726078,334.3226179727024,4.1666076187688444e-11,3.160034083075105
176.3,0.0,4.011880834383412,0.003501210622837538,334.4813832002213,8.62751094295259e-11,3.159826292506749
176.4,0.0,4.012229849767955,0.0034790970680618678,334.64006782856677,5.7774893747240856e-11,3.159618458360698
176.49999999999997,0.0,4.01257665467682,0.0034570011092447026,334.79867181656846,8.25576899927061e-11,3.1594105801910515
176.6,0.0,4.0129212508703915,0.0034349227621945097,334.95719512308966,1.409521536460836e-11,3.159202657553487
176.7,0.0,4.013263640110636,0.003412862042682515,335.11563770702764,1.626371003608657e-11,3.158994690005254
176.79999999999998,0.0,4.013603824161089,0.0033908189664426545,335.27399952731383,7.388371130679327e-11,3.1587866771051782
176.89999999999998,0.0,4.013941804786872,0.003368793549171491,335.43228054291365,3.841333418047113e-11,3.1585786184136557
177.0,0.0,4.014277583754655,0.003346785806528169,335.59118721587964,6.3815700332073e-11,3.158370513492657
177.1,0.0,4.014611162832693,0.0033247957541343402,335.76130549992394,5.235365706854534e-11,3.1581623619057226
177.2,0.0,4.0149425437907755,0.0033028234075741067,335.931354516626,8.25576899927061e-11,3.157954163217964
177.3,0.0,4.015271728400275,0.0032808687823939527,336.10133421270143,2.6021936057738513e-11,3.157745916996064
177.4,0.0,4.015598718434099,0.0032589318941026874,336.2712445348891,9.603333545117783e-12,3.1575376228082725
177.5,0.0,4.01592351566671,0.0032370127581713673,336.44108542995167,5.250854954507949e-11,3.157329280224409
177.59999999999997,0.0,4.016246121874123,0.0032151113900332584,336.6108568446751,7.171521663531505e-11,3.157120888815859
177.7,0.0,4.016566538833878,0.003193227805083746,336.78055872586924,4.197586114075676e-11,3.1569124481555764
177.79999999999998,0.0,4.016884768325066,0.0031713620186802852,336.9501910203678,4.25954310468934e-11,3.1567039578180798
177.89999999999998,0.0,4.0172008121283085,0.003149514046142343,337.1197536750285,7.295435644758833e-11,3.1564954173794524
178.0,0.0,4.017514672025752,0.003127683902751325,337.2892466367329,5.65357539349676e-11,3.1562868264173423
178.1,0.0,4.017826349801076,0.003105871603750523,337.4586698523868,6.319613042593638e-11,3.1560781845109602
178.2,0.0,4.01813584723948,0.0030840771643450404,337.62802326892023,5.65357539349676e-11,3.1558694912410785
178.29999999999998,0.0,4.018443166127683,0.003062300599701742,337.7973068332875,5.2973226974681967e-11,3.1556607461900334
178.4,0.0,4.018748308253914,0.0030405419249491823,337.96652049246734,2.757086082308009e-11,3.1554519489417188
178.5,0.0,4.019051275407923,0.003018801155177558,338.13566419346307,4.646774296024734e-11,3.1552430990815896
178.6,0.0,4.019352069380951,0.0029970783054386247,338.3047378833025,8.302236742230857e-11,3.1550341961966595
178.7,0.0,4.019650691965761,0.002975373390745654,338.47374150903823,7.264457149452e-11,3.1548252398755
178.79999999999998,0.0,4.019947144956601,0.002953686426073369,338.6426750177477,9.83567225991902e-11,3.1546162297082385
178.89999999999998,0.0,4.020241430149225,0.0029320174263578703,338.8115383565332,1.1771828216595992e-10,3.154407165286558
179.0,0.0,4.0205335493408665,0.002910366406496592,338.98033147252204,7.465817368946406e-11,3.1541980462036996
179.1,0.0,4.020823504330261,0.00288873338134823,339.14905431286655,4.352478590609834e-11,3.153988872054454
179.2,0.0,4.021111296917614,0.002867118365732686,339.31770682474456,4.352478590609834e-11,3.1537796424351683
179.29999999999998,0.0,4.021396928904622,0.002845521374431004,339.4862889553587,4.677752791331565e-11,3.153570356943741
179.4,0.0,4.021680402094453,0.0028239424221853204,339.65480065193736,2.710618339347761e-11,3.1533610151796196
179.5,0.0,4.021961718291746,0.0028023815236987827,339.8232418617346,2.4163226339328614e-11,3.1531516167438047
179.6,0.0,4.022240879302615,0.0027808386936355174,339.9916125320294,6.27314529963339e-11,3.152942161238843
179.70000000000002,0.0,4.022517886934629,0.0027593139466205443,340.1599126101272,7.372881883025911e-11,3.1527326482688323
179.79999999999998,0.0,4.022792742996819,0.002737807297239742,340.3281420433586,4.336989342956418e-11,3.152523077439415
179.89999999999998,0.0,4.023065449299685,0.0027163187600397582,340.4963007790804,7.310924892412248e-11,3.15231344835778
179.99999999999997,0.0,4.023336007655163,0.0026948483495279883,340.66438876467544,5.731021631763838e-11,3.152103760632663
180.1,0.0,4.023604419876647,0.0026733960801724847,340.8324059475526,1.1152258310459362e-10,3.1518940138743416
180.2,0.0,4.0238706877789765,0.0026519619664019194,341.00035227514644,5.498682916962602e-11,3.1516842076946383
180.29999999999998,0.0,4.024134813178428,0.002630546022605521,341.1682276949187,3.221763511910482e-11,3.1514743417069138
180.4,0.0,4.024396797892714,0.002609148263133006,341.33603215435693,6.613908748008539e-11,3.1512644155260743
180.5,0.0,4.024656643740984,0.002587768702294535,341.5037656009751,3.37665598844464e-11,3.1510544287685627
180.6,0.0,4.024914352543819,0.0025664073543606473,341.67142798231396,5.823957117684333e-11,3.1508443810523614
180.7,0.0,4.025169926123214,0.002545064233562217,341.8390192459408,5.142430220934039e-11,3.150634271996989
180.8,0.0,4.025423366302596,0.00252373935409038,342.0065393394499,7.667177588440811e-11,3.1504241012235035
180.89999999999998,0.0,4.025674674906806,0.002502432730096485,342.1739882104621,8.193812008656947e-11,3.1502138683544954
180.99999999999997,0.0,4.025923853762096,0.00248114437569204,342.34136580662533,7.063096929957595e-11,3.1500035730140903
181.1,0.0,4.026170904696127,0.002459874304948655,342.50867207561464,5.514172164616018e-11,3.1497932148279477
181.2,0.0,4.026415829537969,0.002438622531897988,342.6759069651321,4.228564609382508e-11,3.1495827934232583
181.29999999999998,0.0,4.026658630118091,0.00241738907053169,342.8430704229073,9.711758278691695e-11,3.1493723084287426
181.39999999999998,0.0,4.026899308268358,0.002396173934801339,343.01016239669684,3.035892540069493e-11,3.1491617594746537
181.5,0.0,4.027137865822028,0.0023749771386184105,343.1771828342849,3.020403292416077e-11,3.1489511461927693
181.6,0.0,4.02737430461375,0.002353798695854199,343.34413168348345,7.899516303242047e-12,3.1487404682163977
181.7,0.0,4.027608626479561,0.0023326386203397793,343.51100889213177,9.045720629594816e-11,3.1485297251803708
181.8,0.0,4.027840833256872,0.002311496925865946,343.677814408097,4.863623763172555e-11,3.1483189167210486
181.9,0.0,4.028070926784474,0.002290373626183172,343.84454817927406,3.221763511910482e-11,3.1481080424763124
181.99999999999997,0.0,4.028298908902534,0.002269268735001526,344.01121015358603,8.116365770389869e-11,3.1478971020855666
182.1,0.0,4.028524781452581,0.0022481822659906735,344.1778002789839,9.696269031038278e-11,3.1476860951897367
182.2,0.0,4.028748546277521,0.002227114232779763,344.3443185034465,3.6864409415129555e-11,3.1474750214312683
182.29999999999998,0.0,4.028970205221609,0.002206064648957426,344.51076477498157,3.748397932126619e-11,3.1472638804541284
182.39999999999998,0.0,4.02918976013046,0.002185033528071697,344.6771390416245,9.138656115515311e-11,3.1470526719037983
182.5,0.0,4.029407212851043,0.0021640208836299735,344.8434412514394,3.6864409415129555e-11,3.146841395427278
182.6,0.0,4.029622565231681,0.0021430267290989584,345.00967135251904,2.726107587001177e-11,3.1466300506730804
182.7,0.0,4.029835819122034,0.0021220510779046183,345.17582929298464,5.452215174002354e-11,3.1464186372912355
182.8,0.0,4.030046976373098,0.002101093943432129,345.3419150209863,7.063096929957595e-11,3.146207154933285
182.9,0.0,4.030256038837219,0.0020801553390258345,345.50792848470235,4.6157958007179026e-11,3.145995603252279
183.0,0.0,4.030463008368072,0.0020592352779891885,345.6738696323411,9.54137655450412e-11,3.1457839819027833
183.09999999999997,0.0,4.030667886820651,0.002038333773584704,345.8397384121388,5.978849594218491e-11,3.1455722905408656
183.2,0.0,4.030870676051281,0.002017450839033922,346.0055347723616,6.56744100504829e-11,3.145360528824109
183.29999999999998,0.0,4.031071377917609,0.0019965864875173384,346.1712586613045,7.279946397105417e-11,3.145148696411597
183.39999999999998,0.0,4.031269994278595,0.0019757407321743933,346.33691002729176,5.978849594218491e-11,3.1449367929639207
183.5,0.0,4.031466526994505,0.0019549135861033798,346.50248881867725,1.6728387465689042e-11,3.144724818143174
183.6,0.0,4.031660977926933,0.0019341050623614359,346.6679949838442,5.885914108297996e-11,3.1445127716129537
183.7,0.0,4.031853348938748,0.0019133151739644777,346.8334284712055,4.027204389888103e-12,3.1443006530383566
183.79999999999998,0.0,4.03204364189414,0.0018925439338871649,346.9987892292038,7.744623826707889e-11,3.1440884620859806
183.9,0.0,4.0322318586585855,0.0018717913550628472,347.16407720631133,5.3592796880818594e-11,3.1438761984239214
184.0,0.0,4.032418001098859,0.001851057450383521,347.3292923510304,3.624483950899293e-11,3.1436638617217705
184.1,0.0,4.032602071083014,0.0018303422326997945,347.4944346118935,5.638086145843344e-11,3.143451451650617
184.20000000000002,0.0,4.03278407048039,0.0018096457148208357,347.65950393746266,1.7347957371825673e-11,3.143238967883042
184.29999999999998,0.0,4.032964001161605,0.0017889679095143293,347.82450027633064,8.395172228151352e-11,3.143026410093122
184.39999999999998,0.0,4.033141864998559,0.0017683088295064322,347.9894235771201,4.3679678382632496e-11,3.1428137779564222
184.49999999999997,0.0,4.033317663864407,0.0017476684874817448,348.1542737884844,4.708731286638397e-11,3.142601071150001
184.6,0.0,4.033491399633586,0.0017270468960832537,348.31905085910716,5.5451506599228496e-11,3.1423882893524038
184.7,0.0,4.033663074181784,0.001706444067912292,348.48375473770267,9.479419563890457e-11,3.142175432243662
184.79999999999998,0.0,4.033832689385957,0.0016858600155285066,348.64838537301586,1.4033258373994697e-10,3.1419624995052953
184.9,0.0,4.034000247124307,0.001665294751449817,348.81294271382234,6.784290472196112e-11,3.1417494908203065
185.0,0.0,4.034165749276284,0.0016447482881523645,348.9774267089288,4.336989342956418e-11,3.1415364058731816
185.1,0.0,4.034329197722597,0.0016242206380704905,349.1418373071729,7.93049479854888e-11,3.141323244349889
185.2,0.0,4.03449059434518,0.0016037118135966684,349.306174457423,3.9032904086607764e-11,3.1411100059378767
185.3,0.0,4.034649941027213,0.0015832218270814987,349.47043810857906,8.116365770389869e-11,3.1408966903260707
185.39999999999998,0.0,4.034807239653113,0.0015627506908336517,349.634628209572,3.9342689039676084e-11,3.140683297204875
185.49999999999997,0.0,4.034962492108507,0.001542298417119834,349.79874470936426,3.035892540069493e-11,3.140469826266169
185.6,0.0,4.03511570028027,0.0015218650181647515,349.96278755694965,8.890828153060657e-11,3.140256277203307
185.7,0.0,4.035266866056487,0.0015014505061510704,350.1267567013536,8.581043199992342e-11,3.1400426497111154
185.79999999999998,0.0,4.035415991326455,0.0014810548932193796,350.29065209163304,5.916892603604827e-11,3.139828943485893
185.9,0.0,4.035563077980688,0.0014606781914681647,350.45447367687683,6.226677556673144e-11,3.139615158225408
186.0,0.0,4.035708127910912,0.001440320412953767,350.61822140620563,1.0377795927788572e-10,3.139401293628895
186.1,0.0,4.035851143010044,0.0014199815696903369,350.7818952287719,8.983763638981152e-11,3.13918734939706
186.2,0.0,4.035992125172212,0.0013996616736498258,350.94549509376014,6.226677556673144e-11,3.1389733252320697
186.3,0.0,4.036131076292732,0.0013793607367619295,351.1090209503872,4.151118371115429e-11,3.138759220837556
186.4,0.0,4.036267998268114,0.0013590787709140556,351.2724727479021,8.209301256310363e-11,3.1385450359186153
186.49999999999997,0.0,4.036402892996057,0.0013388157879513115,351.4358504355859,7.310924892412248e-11,3.138330770181802
186.6,0.0,4.03653576237544,0.0013185717996764478,351.5991539627524,5.792978622377502e-11,3.1381164233351315
186.7,0.0,4.036666608306317,0.0012983468178498433,351.7623832787477,5.452215174002354e-11,3.137901995088076
186.79999999999998,0.0,4.036795432689919,0.0012781408541894645,351.9255383329506,5.792978622377502e-11,3.137687485151564
186.89999999999998,0.0,4.036922237428646,0.001257953920370836,352.08861907477285,5.76200012707067e-11,3.1374728932379776
187.0,0.0,4.037047024426068,0.001237786028027014,352.2516254536586,3.314698997830977e-11,3.1372582190611538
187.1,0.0,4.037169795586904,0.0012176371887485532,352.41455741908516,5.885914108297996e-11,3.137043462336381
187.2,0.0,4.037290552817046,0.0011975074140834778,352.57741492056266,4.244053857035924e-11,3.1368286227803948
187.3,0.0,4.03740929802353,0.0011773967155372558,352.7401979076345,3.748397932126619e-11,3.136613700111381
187.4,0.0,4.037526033114534,0.0011573051045727697,352.90290632987717,4.832645267865723e-11,3.136398694048973
187.5,0.0,4.037640759999394,0.0011372325926102796,353.0655401369006,1.093540884331154e-10,3.136183604314247
187.59999999999997,0.0,4.037753480588574,0.0011171791910274114,353.22809927834766,6.660376490968786e-11,3.135968430629724
187.7,0.0,4.037864196793681,0.0010971449111591154,353.3905837038953,3.407634483751472e-11,3.135753172719368
187.79999999999998,0.0,4.037972910527458,0.0010771297642976545,353.5529933632537,3.996225894581271e-11,3.1355378303085786
187.89999999999998,0.0,4.038079623703755,0.0010571337616925615,353.71532820616676,8.735935676526499e-11,3.1353224031242
188.0,0.0,4.038184338237566,0.001037156914550632,353.8775881824121,8.673978685912837e-11,3.1351068908945097
188.1,0.0,4.0382870560449975,0.001017199234035882,354.03977324180147,8.085387275083037e-11,3.134891293349221
188.2,0.0,4.038387779043265,0.0009972607312695421,354.2018833341801,4.336989342956418e-12,3.1346756102194817
188.29999999999998,0.0,4.038486509150691,0.0009773414173300126,354.36391840942775,4.522860314797408e-11,3.13445984123787
188.4,0.0,4.03858324828672,0.0009574413032528608,354.52587841745816,1.2081613169664308e-10,3.1342439861383977
188.5,0.0,4.038677998371886,0.0009375604000307828,354.6877633082191,4.987537744399881e-11,3.1340280446565
188.6,0.0,4.038770761327819,0.0009176987186135926,354.849573031693,5.0185162397067124e-11,3.133812016529045
188.7,0.0,4.038861539077244,0.0008978562699081905,355.01130753789664,8.828871162446995e-11,3.1335959014943224
188.79999999999998,0.0,4.038950333543978,0.0008780330647785525,355.1729667768811,7.775602322014721e-11,3.133379699292046
188.89999999999998,0.0,4.039037146652918,0.0008582291140456947,355.3345506987324,5.7000431364570065e-11,3.133163409663352
189.0,0.0,4.039121980330048,0.0008384444284876738,355.4960592535712,5.5451506599228496e-11,3.1329470323507977
189.1,0.0,4.039204836502414,0.0008186790188395487,355.6574923915529,4.0581828851949346e-11,3.132730567098358
189.2,0.0,4.0392857170981475,0.0007989328957933689,355.8188500628679,7.217989406491754e-11,3.132514013651424
189.29999999999998,0.0,4.039364624046432,0.0007792060699981578,355.98013221774147,6.009828089525323e-11,3.1322973717568035
189.4,0.0,4.03944155927754,0.0007594985520598917,356.14133880643425,3.221763511910482e-11,3.1320806411627165
189.5,0.0,4.0395165247227665,0.0007398103525414826,356.30246977924173,7.527774359560069e-11,3.1318638216187953
189.6,0.0,4.039589522314493,0.000720141481962762,356.4635250864949,8.271258246924026e-11,3.1316469128760818
189.70000000000002,0.0,4.039660553986133,0.0007004919508004651,356.62450467856,4.151118371115429e-11,3.131429914687026
189.79999999999998,0.0,4.039729621672147,0.0006808617694882076,356.7854085058392,3.3456774931378085e-11,3.1312128268054846
189.89999999999998,0.0,4.039796727308042,0.0006612509484164869,356.9462365187697,6.288634547286806e-11,3.1309956489867194
189.99999999999997,0.0,4.039861872830358,0.0006416594979326473,357.10698866782457,6.226677556673144e-11,3.1307783809873944
190.1,0.0,4.039925060176673,0.0006220874283408786,357.2676649035127,5.390258183388691e-11,3.130561022565574
190.2,0.0,4.039986291285582,0.0006025347499021952,357.42826517637866,6.164720566059481e-11,3.1303435734807237
190.29999999999998,0.0,4.04004556809672,0.0005830014728344276,357.5887894370032,5.1734087162408705e-11,3.130126033493707
190.4,0.0,4.040102892550729,0.0005634876073122074,357.74923763600316,5.576129155229681e-11,3.1299084023667803
190.5,0.0,4.040158266589265,0.0005439931634669511,357.9096097240314,1.1028344329232036e-10,3.1296906798635957
190.6,0.0,4.040211692155009,0.0005245181513868592,358.0699056517768,8.271258246924026e-11,3.1294728657491997
190.7,0.0,4.040263171191633,0.0005050625811168873,358.2301253699649,2.881000063535335e-11,3.1292549597900257
190.8,0.0,4.040312705643821,0.0004856264626587623,358.39026882935775,1.0439752918402235e-10,3.129036961753898
190.89999999999998,0.0,4.040360297457255,0.0004662098059709297,358.55033598075335,4.3679678382632496e-11,3.1288188714100262
190.99999999999997,0.0,4.040405948578602,0.0004468126209685897,358.7103267749871,9.045720629594816e-11,3.128600688529006
191.1,0.0,4.040449660955526,0.0004274349175236615,358.87024116293037,4.0272043898881026e-11,3.1283824128828166
191.2,0.0,4.040491436536677,0.00040807670546477476,359.03007909549194,3.996225894581271e-11,3.1281640442448166
191.29999999999998,0.0,4.040531277271678,0.0003887379945772725,359.189840523617,4.863623763172555e-11,3.1279455823897466
191.39999999999998,0.0,4.040569185111138,0.0003694187946031937,359.3495253982881,1.2949011038255592e-10,3.127727027093724
191.5,0.0,4.040605162006629,0.000350119115241272,359.50913367052453,4.3679678382632496e-11,3.1275083781342397
191.6,0.0,4.040639209910697,0.00033083896614692165,359.66866529138304,5.576129155229681e-11,3.127289635290162
191.7,0.0,4.040671330776852,0.00031157835693224333,359.82812021195764,6.009828089525323e-11,3.12707079834173
191.8,0.0,4.040701526559556,0.00029233729716600333,359.98749838337926,6.691354986275617e-11,3.126851867070552
191.9,0.0,4.040729799214236,0.00027311579637363716,360.14679975681713,7.279946397105417e-11,3.126632841259607
192.0,0.0,4.040756150697255,0.00025391386403724256,360.30602428347714,3.252742007217314e-11,3.1264137206932374
192.1,0.0,4.0407805829659385,0.00023473150959557937,360.4651719146034,1.1493021758834508e-10,3.126194505157152
192.2,0.0,4.04080309797854,0.0002155687424440582,360.6242426014775,7.310924892412248e-11,3.125975194438424
192.29999999999998,0.0,4.040823697694258,0.00019642557193473895,360.783236295419,7.93049479854888e-11,3.1257557883254843
192.39999999999998,0.0,4.040842384073221,0.0001773020073763317,360.94215294778525,8.766914171833332e-11,3.1255362866081238
192.5,0.0,4.040859159076496,0.00015819805803419466,361.1009925099715,5.854935612991165e-11,3.1253166890774913
192.6,0.0,4.040874024666053,0.0001391137331303261,361.2597549334115,9.262570096742636e-11,3.125096995526089
192.7,0.0,4.0408869828048,0.00012004904184336914,361.41844016957697,8.240279751617195e-11,3.124877205747776
192.8,0.0,4.040898035456557,0.00010100399330860202,361.57704816997773,4.894602258479387e-11,3.124657319537757
192.9,0.0,4.040907184586055,8.197859661795051e-05,361.73557888616244,7.125053920571259e-11,3.124437336692592
193.0,0.0,4.040914432158926,6.297286081998065e-05,361.89403226971757,5.94787109891166e-11,3.124217257010184
193.1,0.0,4.0409197801417145,4.398679491989529e-05,362.052408272269,6.319613042593638e-11,3.123997080289783
193.2,0.0,4.040923230501854,2.5020407879544292e-05,362.2107068454805,2.5402366151601876e-11,3.123776806331983
193.29999999999998,0.0,4.040924785207679,6.073708617415123e-06,362.36892794105495,6.102763575445817e-11,3.1235564349387195
193.39999999999998,0.0,4.04092444622841,-1.2853293991351991e-05,362.52707151073406,6.9701614440371e-11,3.123335965913268
193.5,0.0,4.040922215534157,-3.17605911149731e-05,362.6851375062985,5.731021631763838e-11,3.1231153990602394
193.6,0.0,4.040918095095901,-5.064817396501446e-05,362.8431258795679,8.36419373284452e-11,3.122894734185585
193.7,0.0,4.040912086885514,-6.951603379638562e-05,363.0010365824009,9.231591601435805e-11,3.122673971096584
193.79999999999998,0.0,4.040904192875728,-8.836416190733815e-05,363.1588695666955,1.8587097184098934e-11,3.1224531096018526
193.9,0.0,4.040894415040151,-0.0001071925496394631,363.31662478438903,6.56744100504829e-11,3.122232149511333
194.0,0.0,4.040882755353249,-0.00012600118837768502,363.474302187458,5.576129155229681e-11,3.122011090636298
194.1,0.0,4.040869215790354,-0.00014479006955025358,363.6319017279187,7.868537807935217e-11,3.1217899327893464
194.20000000000002,0.0,4.040853798327647,-0.0001635591846287451,363.78942335782676,6.3815700332073e-11,3.1215686757843977
194.29999999999998,0.0,4.040836504942158,-0.0001823085251280435,363.9468670292775,1.1028344329232036e-10,3.121347319436695
194.39999999999998,0.0,4.040817337611768,-0.00020103808260635357,364.1042326944059,5.1114517256272065e-11,3.1211258635628014
194.49999999999997,0.0,4.040796298315207,-0.00021974784866517447,364.2615203053871,4.429924828876913e-11,3.1209043079806
194.6,0.0,4.040773389032025,-0.00023843781494930594,364.418729814436,2.664150596387514e-11,3.1206826525092857
194.7,0.0,4.040748611742621,-0.00025710797314682497,364.57586117380754,6.443527023820965e-11,3.120460896969371
194.79999999999998,0.0,4.0407219684282145,-0.0002757583149891032,364.7329143357966,8.302236742230857e-11,3.120239041182677
194.9,0.0,4.040693461070849,-0.0002943888322507692,364.8898892527385,4.2750323523427555e-11,3.120017084972337
195.0,0.0,4.040663091653401,-0.00031299951674971567,365.04678587700886,3.841333418047113e-11,3.1197950281627906
195.1,0.0,4.0406308621595475,-0.0003315903603470915,365.2036041610234,3.035892540069493e-11,3.119572870579783
195.2,0.0,4.040596774573782,-0.0003501613549472787,365.3603440572388,9.479419563890457e-11,3.1193506120503667
195.3,0.0,4.040560830881409,-0.0003687124924978923,365.51700551815185,3.841333418047113e-11,3.11912825240289
195.39999999999998,0.0,4.040523033068536,-0.00038724376498977043,365.67358849630006,8.426150723458184e-11,3.1189057914670046
195.49999999999997,0.0,4.040483383122063,-0.0004057551644569579,365.83009294426205,1.22674841415053e-10,3.11868322907366
195.6,0.0,4.0404418830296915,-0.0004242466829766863,365.98651881465673,5.6071076505365124e-11,3.118460565055097
195.7,0.0,4.040398534779907,-0.0004427183126693897,366.1428660601446,1.1028344329232036e-10,3.1182377992448562
195.79999999999998,0.0,4.040353340361992,-0.00046117004569865754,366.29913463342655,1.0718559376163719e-10,3.1180149314777648
195.89999999999998,0.0,4.040306301765991,-0.00047960187427123783,366.4553244872448,5.080473230320375e-11,3.11779196158994
196.0,0.0,4.0402574209827495,-0.0004980137906370365,366.61143557438294,5.328301192775028e-11,3.1175688894187883
196.1,0.0,4.040206700003861,-0.0005164057870890758,366.76746784766544,5.823957117684333e-11,3.117345714802999
196.2,0.0,4.040154140821708,-0.000534777855963498,366.9234212599586,5.823957117684333e-11,3.1171224375825446
196.3,0.0,4.040099745429429,-0.0005531299896395529,367.0792957641699,5.823957117684333e-11,3.1168990575986806
196.4,0.0,4.04004351582092,-0.0005714621805395672,367.23509131324846,8.116365770389869e-11,3.11667557469394
196.49999999999997,0.0,4.039985453990835,-0.0005897744211289477,367.39080786018496,3.77937642743345e-11,3.116451988712131
196.6,0.0,4.0399255619345835,-0.000608066703916147,367.5464453580119,7.063096929957595e-11,3.1162282994983403
196.7,0.0,4.039863841648313,-0.0006263390214526592,367.7020037598036,8.302236742230857e-11,3.1160045068989226
196.79999999999998,0.0,4.039800295128925,-0.0006445913663330067,367.857483018676,9.417462573276793e-11,3.1157806107615076
196.89999999999998,0.0,4.039734924374049,-0.0006628237311947054,368.01288308778766,8.735935676526499e-11,3.115556610934989
197.0,0.0,4.039667731382054,-0.000681036108718266,368.16820392033816,6.536462509741459e-11,3.115332507269529
197.1,0.0,4.039598718152036,-0.0006992284916271646,368.32344546957063,1.0749537871470552e-10,3.115108299616554
197.2,0.0,4.039527886683821,-0.0007174008726878283,368.4786076887694,1.288705404764193e-10,3.1148839878287515
197.3,0.0,4.039455238977951,-0.0007355532447096107,368.6336905312613,5.1734087162408705e-11,3.1146595717600696
197.4,0.0,4.039380777035689,-0.0007536856005447894,368.7886939504161,1.3010968028869256e-11,3.1144350512657124
197.5,0.0,4.0393045028590056,-0.0007717979330885265,368.94361789964546,1.1400086272914013e-10,3.1142104262021424
197.59999999999997,0.0,4.039226418450587,-0.0007898902352788631,369.0984623324041,6.629397995661954e-11,3.1139856964270716
197.7,0.0,4.039146525813817,-0.0008079625000966877,369.25322720218907,6.505484014434627e-11,3.1137608617994665
197.79999999999998,0.0,4.039064826952785,-0.0008260147205657247,369.40791246254054,3.5315484649787974e-11,3.113535922179542
197.89999999999998,0.0,4.03898132387227,-0.0008440468897525107,369.5625180670415,7.992451789162542e-11,3.1133108774287583
198.0,0.0,4.038896018577743,-0.0008620590007663689,369.71704396931756,6.257656051979975e-11,3.1130857274098225
198.1,0.0,4.038808913075366,-0.0008800510467594012,369.87149012303763,6.56744100504829e-11,3.1128604719866826
198.2,0.0,4.038720009371985,-0.000898023020926441,370.0258564819138,7.682666836094226e-11,3.1126351110245274
198.29999999999998,0.0,4.038629309475111,-0.0009159749165050554,370.1801429997011,7.001139939343932e-11,3.112409644389784
198.4,0.0,4.038536815392946,-0.0009339067267755172,370.33434963019823,1.130715078699352e-10,3.1121840719501175
198.5,0.0,4.038442529134354,-0.0009518184450607641,370.488476327247,7.248967901798586e-11,3.111958393574422
198.6,0.0,4.038346452708865,-0.000969710064726406,370.64252304473274,8.704957181219668e-11,3.1117326091328286
198.7,0.0,4.038248588126671,-0.0009875815791806689,370.7964897365845,6.691354986275617e-11,3.1115067184966945
198.79999999999998,0.0,4.038148937398617,-0.0010054329818743925,370.9503763567746,1.1802806711902822e-10,3.111280721538606
198.89999999999998,0.0,4.038047502536209,-0.001023264266301002,371.10418285931945,7.744623826707889e-11,3.1110546181323726
198.99999999999997,0.0,4.037944285551593,-0.0010410754259964762,371.2579091982792,7.5587528548669e-11,3.110828408153029
199.1,0.0,4.037839288457568,-0.001058866454539332,371.41155532775787,9.820183012265605e-11,3.1106020914768275
199.2,0.0,4.037732513267562,-0.0010766373455505902,371.5651212019034,1.4435978812983508e-10,3.110375667981244
199.29999999999998,0.0,4.037623961995652,-0.0010943880926937504,371.71860677490776,9.851161507572436e-11,3.1101491375449637
199.4,0.0,4.0375136366565325,-0.001112118689674775,371.87201200100736,9.324527087356299e-11,3.109922500047892
199.5,0.0,4.037401539265536,-0.0011298291302420467,372.02533683448246,8.95278514367432e-11,3.109695755371143
199.6,0.0,4.037287671838616,-0.0011475194081863684,372.178581229658,1.251531210395995e-10,3.109468903397041
199.7,0.0,4.037172036392338,-0.0011651895173408987,372.33174514090297,4.4609033241837444e-11,3.1092419440091166
199.79999999999998,0.0,4.0370546349438925,-0.0011828394515811566,372.4848285226313,8.1473442656967e-11,3.1090148770921084
199.89999999999998,0.0,4.036935469511072,-0.0012004692048249816,372.6378313293011,5.3592796880818594e-11,3.1087877025319552
199.99999999999997,0.0,4.03681454211228,-0.0012180787710325022,372.79075351541536,1.7967527277962304e-11,3.108560420215798
200.1,0.0,4.036691854766519,-0.0012356681442061157,372.9435950355219,6.877225958116606e-11,3.1083330300319743
200.2,0.0,4.036567409493387,-0.00125323731839045,373.09635584421295,3.624483950899293e-11,3.1081055318700206
200.29999999999998,0.0,4.036441208313083,-0.001270786287672347,373.2622653985855,7.465817368946406e-11,3.1078779256206657
200.4,0.0,4.036313253246391,-0.001288315046180825,373.42821018189403,1.031583893717491e-10,3.1076502111758284
200.5,0.0,4.0361835463146765,-0.001305823588087052,373.5940841839869,3.717419436819787e-11,3.10742238842862
200.6,0.0,4.036052089539894,-0.0013233119076043146,373.7598873465875,8.550064704685511e-11,3.107194457273337
200.7,0.0,4.0359188849445635,-0.001340779998987992,373.92561961145697,4.3989463335700816e-11,3.1069664176054625
200.8,0.0,4.035783934551789,-0.0013582278565355205,374.0912809203948,3.1288280259899875e-11,3.10673826932166
200.9,0.0,4.035647240385232,-0.001375655474586372,374.256871215239,4.18209686642226e-11,3.1065100123197738
200.99999999999997,0.0,4.035508804469126,-0.0013930628475220031,374.4223904378655,7.744623826707889e-11,3.1062816464988283
201.1,0.0,4.035368628828262,-0.0014104499697658501,374.5878385301886,6.784290472196112e-11,3.1060531717590205
201.2,0.0,4.035226715487987,-0.0014278168357832852,374.75321543416186,2.4473011292396934e-11,3.105824588001725
201.29999999999998,0.0,4.035083066474192,-0.0014451634400815794,374.91852109177677,1.0068010974720256e-10,3.105595895129483
201.39999999999998,0.0,4.034937683813326,-0.001462489777209883,375.08375544506384,6.009828089525323e-11,3.1053670930460084
201.5,0.0,4.034790569532379,-0.0014797958417591846,375.24891843609265,1.0749537871470552e-10,3.1051381816561796
201.6,0.0,4.034641725658874,-0.00149708162836228,375.41401000697164,7.279946397105417e-11,3.1049091608660406
201.7,0.0,4.034491154220872,-0.001514347131693743,375.579030099848,5.978849594218491e-11,3.104680030582797
201.8,0.0,4.034338857246962,-0.0015315923464698982,375.7439786569088,5.669064641150175e-11,3.1044507907148127
201.9,0.0,4.034184836766266,-0.0015488172674487702,375.9088556203797,5.452215174002354e-11,3.1042214411716116
202.0,0.0,4.034029094808423,-0.0015660218894300673,376.073660932526,1.3010968028869256e-11,3.1039919818638713
202.09999999999997,0.0,4.033871633403588,-0.0015832062072551414,376.2383945356529,6.505484014434627e-11,3.103762412703422
202.2,0.0,4.033712454582433,-0.0016003702158069537,376.4030563721044,7.063096929957595e-11,3.103532733603246
202.29999999999998,0.0,4.03355156037614,-0.0016175139100100425,376.56764638426495,9.882140002879268e-11,3.103302944477472
202.39999999999998,0.0,4.033388952816401,-0.0016346372848304897,376.7321645145586,1.3537602449085392e-10,3.1030730452413757
202.5,0.0,4.033224633935397,-0.0016517403352758876,376.89661070544867,8.457129218765016e-11,3.102843035811376
202.6,0.0,4.033058605765814,-0.0016688230563953,377.0609848994396,8.054408779776205e-11,3.1026129161050333
202.7,0.0,4.032890870340829,-0.001685885443279227,377.22528703907506,4.77068827725206e-11,3.1023826860410453
202.79999999999998,0.0,4.032721429694114,-0.001702927491059582,377.38951706693933,3.748397932126619e-11,3.102152345539249
202.9,0.0,4.032550285859813,-0.0017199491949096346,377.55367492565705,1.133812928230035e-10,3.101921894520614
203.0,0.0,4.032377440872569,-0.0017369505500440027,377.71776055789303,8.333215237537689e-11,3.1016913329072424
203.1,0.0,4.032202896767478,-0.00175393155171859,377.88177390635286,1.130715078699352e-10,3.101460660622365
203.2,0.0,4.032026655580132,-0.0017708921952305705,378.04571491378243,6.443527023820965e-11,3.101229877590342
203.29999999999998,0.0,4.031848719346575,-0.00178783247591834,378.2095835229687,6.691354986275617e-11,3.1009989837366554
203.39999999999998,0.0,4.031669090103317,-0.0018047523891614895,378.37337967673943,9.200613106128974e-11,3.100767978987912
203.5,0.0,4.031487769887342,-0.0018216519303807567,378.53710331796316,6.350591537900469e-11,3.100536863271839
203.6,0.0,4.031304760736071,-0.001838531095038004,378.70075438954933,1.2236505646198467e-10,3.100305636517279
203.7,0.0,4.0311200646873875,-0.0018553898786361756,378.8643328344488,2.942957054148998e-11,3.1000742986541936
203.79999999999998,0.0,4.03093368377962,-0.0018722282767192529,379.0278385956537,9.386484077969962e-11,3.099842849613654
203.9,0.0,4.0307456200515395,-0.0018890462848722268,379.19127161619724,8.271258246924026e-11,3.099611289327845
204.0,0.0,4.03055587554236,-0.0019058438987210621,379.35463183915425,6.474505519127796e-11,3.099379617730059
204.1,0.0,4.030364452291729,-0.0019226211139326554,379.5179192076409,7.001139939343932e-11,3.099147834754693
204.20000000000002,0.0,4.03017135233972,-0.0019393779262147897,379.68113366481543,9.9131184981861e-12,3.0989159403372497
204.29999999999998,0.0,4.029976577726844,-0.001956114331316117,379.8442751538772,1.2701183075800938e-11,3.0986839344143315
204.39999999999998,0.0,4.029780130494028,-0.001972830325026103,380.0073436180681,8.271258246924026e-11,3.098451816923642
204.49999999999997,0.0,4.029582012682616,-0.0019895259031749964,380.1703390006713,7.310924892412248e-11,3.0982195878039778
204.6,0.0,4.029382226334377,-0.002006201061633789,380.33326124501247,6.691354986275617e-11,3.0979872469952334
204.7,0.0,4.029180773491476,-0.002022855796314174,380.4961102944594,5.235365706854534e-11,3.0977547944383925
204.79999999999998,0.0,4.0289776561965045,-0.0020394901031685203,380.6588860924219,3.5625269602856294e-11,3.0975222300755303
204.9,0.0,4.028772876492436,-0.0020561039781898127,380.8215885823521,3.252742007217314e-11,3.097289553849807
205.0,0.0,4.028566436422658,-0.0020726974174116388,380.9842177077449,1.3940322888074202e-11,3.0970567657054695
205.1,0.0,4.028358338030938,-0.002089270416908127,381.1467734121376,6.691354986275617e-11,3.096823865587844
205.2,0.0,4.028148583361456,-0.0021058229727939177,381.3092556391098,4.894602258479387e-11,3.0965908534433404
205.3,0.0,4.0279371744587555,-0.0021223550812241314,381.4716643322844,7.713645331401057e-11,3.096357729219443
205.39999999999998,0.0,4.027724113367777,-0.0021388667383943102,381.63399943532687,8.581043199992342e-11,3.096124492864713
205.49999999999997,0.0,4.02750940213383,-0.0021553579405404,381.79626089194556,3.283720502524145e-11,3.0958911443287827
205.6,0.0,4.027293042802601,-0.002171828683938699,381.958448645892,1.0068010974720256e-10,3.0956576835623557
205.7,0.0,4.027075037420162,-0.002188278964905816,382.1205626409606,5.049494735013544e-11,3.095424110517205
205.79999999999998,0.0,4.026855388032927,-0.002204708779798638,382.2826028209895,4.4609033241837444e-11,3.095190425146165
205.89999999999998,0.0,4.026634096687683,-0.002221118125014284,382.44456912985976,6.319613042593638e-11,3.0949566274031373
206.0,0.0,4.026411165431584,-0.0022375069969900745,382.6064615114959,5.3592796880818594e-11,3.0947227172430822
206.1,0.0,4.026186596312124,-0.0022538753922034804,382.76827990986624,9.665290535731446e-11,3.0944886946220183
206.2,0.0,4.025960391377156,-0.0022702233071720877,382.9300242689825,1.0904430348004708e-10,3.0942545594970206
206.3,0.0,4.025732552674875,-0.0022865507384535596,383.09169453290025,8.890828153060657e-11,3.0940203118262164
206.4,0.0,4.02550308225382,-0.002302857682645586,383.25329064571866,1.1090301319845699e-10,3.0937859515687847
206.49999999999997,0.0,4.025271982162869,-0.002319144136385868,383.4148125515812,4.863623763172555e-11,3.093551478684953
206.6,0.0,4.02503925445123,-0.00233541009635204,383.57626019467506,8.983763638981152e-11,3.0933168931359964
206.7,0.0,4.02480490116845,-0.002351655559261663,383.73763351923174,2.6021936057738513e-11,3.093082194884231
206.79999999999998,0.0,4.024568924364394,-0.0023678805218721633,383.898932469527,4.832645267865723e-11,3.092847383893016
206.89999999999998,0.0,4.024331326089253,-0.0023840849809808012,384.0601569898805,6.691354986275617e-11,3.0926124601267486
207.0,0.0,4.024092108393532,-0.0024002689334246302,384.221307024657,8.550064704685511e-11,3.0923774235508636
207.1,0.0,4.023851273328055,-0.002416432376080444,384.38238251826505,4.089161380501766e-11,3.0921422741318287
207.2,0.0,4.023608822943961,-0.0024325753058647547,384.5433834151584,7.279946397105417e-11,3.091907011837144
207.3,0.0,4.023364759292679,-0.002448697719733738,384.70430965983513,6.13374207075265e-11,3.091671636635337
207.4,0.0,4.023119084425958,-0.002464799614683195,384.86516119683824,9.882140002879268e-11,3.0914361484959643
207.5,0.0,4.022871800395835,-0.002480880987748511,385.0259379707557,8.085387275083037e-11,3.0912005473896054
207.59999999999997,0.0,4.02262290925465,-0.0024969418360046196,385.1866399262204,7.682666836094226e-11,3.0909648332878614
207.7,0.0,4.022372413055019,-0.002512982156565951,385.34726700791043,7.403860378332742e-11,3.0907290061633548
207.79999999999998,0.0,4.0221203138498645,-0.0025290019465863994,385.5078191605489,4.9565592490930496e-11,3.0904930659897207
207.89999999999998,0.0,4.021866613692369,-0.0025450012032592778,385.66829632890443,1.0284860441868078e-10,3.090257012741614
208.0,0.0,4.021611314636017,-0.002560979923817279,385.8286984577906,8.766914171833332e-11,3.0900208463946983
208.1,0.0,4.021354418734548,-0.0025769381055324274,385.9890254920669,3.655462446206124e-11,3.0897845669256463
208.2,0.0,4.021095928041985,-0.002592875745716047,386.14927737663834,6.784290472196112e-11,3.0895481743121405
208.29999999999998,0.0,4.0208358446126145,-0.0026087928417187116,386.3094540564553,5.483193669309186e-11,3.0893116685328663
208.4,0.0,4.020574170500984,-0.0026246893909302113,386.46955547651436,1.1183236805766192e-10,3.0890750495675108
208.5,0.0,4.020310907761896,-0.0026405653907794974,386.62958158185734,8.704957181219668e-11,3.0888383173967635
208.6,0.0,4.02004605845042,-0.0026564208387346525,386.7895323175728,5.514172164616018e-11,3.0886014720023085
208.7,0.0,4.01977962462187,-0.0026722557323028465,386.94940762879475,1.0284860441868078e-10,3.0883645133668245
208.79999999999998,0.0,4.0195116083318005,-0.0026880700690302935,387.10920746070354,7.527774359560069e-11,3.088127441473985
208.89999999999998,0.0,4.019242011636024,-0.0027038638465022107,387.26893175852575,3.96524739927444e-11,3.0878902563084534
208.99999999999997,0.0,4.018970836590583,-0.0027196370623427724,387.4285804675344,6.939182948730269e-11,3.0876529578558762
209.1,0.0,4.018698085251756,-0.0027353897142150707,387.5881535330487,1.0439752918402235e-10,3.0874155461028914
209.2,0.0,4.018423759676054,-0.002751121799821076,387.74765090043456,9.386484077969962e-11,3.087178021037113
209.29999999999998,0.0,4.018147861920219,-0.0027668333169015976,387.90707251510435,5.792978622377502e-11,3.0869403826471404
209.4,0.0,4.017870394041211,-0.0027825242632362247,388.06641832251756,7.868537807935217e-11,3.0867026309225483
209.5,0.0,4.017591358096218,-0.00279819463664331,388.2256882681799,9.169634610822142e-11,3.086464765853886
209.6,0.0,4.017310756142634,-0.0028138444349799048,388.38488229764437,9.72724752634511e-11,3.0862267874326763
209.7,0.0,4.017028590238077,-0.0028294736561417307,388.5440003565109,9.448441068583626e-11,3.0859886956514115
209.8,0.0,4.016744862440366,-0.0028450822980631346,388.7030423904262,3.96524739927444e-11,3.0857504905035533
209.89999999999998,0.0,4.016459574807527,-0.0028606703587170375,388.8620083450849,1.1059322824538867e-10,3.0855121719835252
209.99999999999997,0.0,4.016172729397789,-0.002876237836114914,389.0208981662279,4.708731286638397e-11,3.085273740086718
210.1,0.0,4.015884328269566,-0.0028917847283067254,389.17971179964417,4.336989342956418e-11,3.085035194809478
210.2,0.0,4.015594373481483,-0.0029073110333808915,389.33844919117,5.576129155229681e-11,3.084796536149114
210.29999999999998,0.0,4.015302867092342,-0.002922816749464246,389.4971102866893,3.5625269602856294e-11,3.0845577641038857
210.39999999999998,0.0,4.015009811161129,-0.002938301874721992,389.65569503213317,8.550064704685511e-11,3.084318878673009
210.5,0.0,4.0147152077470265,-0.002953766407357669,389.81420337348095,7.187010911184921e-11,3.084079879856648
210.6,0.0,4.014419058909376,-0.002969210345613092,389.97263525675965,9.045720629594816e-11,3.083840767655916
210.7,0.0,4.01412136670771,-0.002984633687768332,390.13099062804406,5.731021631763838e-11,3.0836015420728704
210.8,0.0,4.013822133201716,-0.0030000364321416625,390.2892694334574,1.0656602385550056e-10,3.083362203110513
210.9,0.0,4.013521360451253,-0.0030154185770895087,390.44747161917013,8.209301256310363e-11,3.083122750772784
210.99999999999997,0.0,4.013219050516347,-0.0030307801210064256,390.60559713140185,9.882140002879268e-11,3.082883185064563
211.1,0.0,4.012915205457181,-0.003046121062325038,390.76364591642,4.894602258479387e-11,3.082643505991665
211.2,0.0,4.012609827334088,-0.0030614413995160143,390.9216179205404,9.417462573276793e-11,3.0824037135608378
211.29999999999998,0.0,4.01230291820756,-0.0030767411310880003,391.0795130901275,4.1201398758085973e-11,3.0821638077797586
211.39999999999998,0.0,4.011994480138225,-0.003092020255587613,391.23733137159417,1.3878365897460538e-10,3.0819237886570336
211.5,0.0,4.011684515186866,-0.0031072787715993636,391.39507271140167,1.9206667090235565e-11,3.081683656202194
211.6,0.0,4.011373025414397,-0.0031225166777456392,391.5527370560608,3.841333418047113e-11,3.081443410425695
211.7,0.0,4.011060012881877,-0.0031377339726866432,391.7103243521304,6.629397995661954e-11,3.08120305133891
211.8,0.0,4.010745479650488,-0.0031529306551203746,391.8678345462185,1.0408774423095405e-10,3.080962578954132
211.9,0.0,4.010429427781538,-0.0031681067237825707,392.0252675849822,7.187010911184921e-11,3.0807219932845693
212.0,0.0,4.0101118593364795,-0.0031832621774466603,392.18262341512775,1.1369107777607183e-10,3.080481294344344
212.09999999999997,0.0,4.009792776376862,-0.00319839701492374,392.33990198341024,4.336989342956418e-11,3.0802404821484854
212.2,0.0,4.009472180964363,-0.0032135112350625194,392.49710323663476,5.792978622377502e-11,3.0799995567129352
212.29999999999998,0.0,4.009150075160772,-0.003228604836749284,392.6542271216549,1.0191924955947583e-10,3.0797585180545366
212.39999999999998,0.0,4.008826461027987,-0.00324367781890785,392.8112735853743,1.5984903578325085e-10,3.079517366191038
212.5,0.0,4.008501340628018,-0.003258730180499531,392.96824257474606,5.94787109891166e-11,3.079276101141088
212.6,0.0,4.0081747160229675,-0.0032737619205230896,393.1251340367729,1.0408774423095405e-10,3.079034722924233
212.7,0.0,4.007846589275039,-0.00328877303801469,393.28194791850706,9.35550558266313e-11,3.0787932315609132
212.79999999999998,0.0,4.007516962446535,-0.0033037635320478744,393.4386841670508,9.293548592049467e-12,3.078551627072465
212.9,0.0,4.007185837599845,-0.003318733401733503,393.59534272955636,2.478279624546525e-12,3.0783099094811135
213.0,0.0,4.00685321679745,-0.0033336826462197263,393.7519235532258,7.094075425264426e-11,3.0780680788099697
213.1,0.0,4.006519102101906,-0.0033486112646919286,393.90842658531136,8.36419373284452e-11,3.0778261350830345
213.2,0.0,4.00618349557585,-0.0033635192563727114,394.0648517731155,7.15603241587809e-11,3.0775840783251875
213.29999999999998,0.0,4.005846399282007,-0.003378406620521822,394.2211990639908,9.634312040424614e-11,3.077341908562191
213.39999999999998,0.0,4.005507815283158,-0.0033932733564361393,394.37746840534015,7.899516303242048e-11,3.077099625820684
213.49999999999997,0.0,4.005167745642164,-0.003408119463449615,394.53365974461735,1.0563666899629561e-10,3.0768572301281827
213.6,0.0,4.004826192421945,-0.0034229449409332396,394.6897730293261,7.992451789162542e-11,3.0766147215130735
213.7,0.0,4.004483157685484,-0.0034377497882949973,394.84580820702104,6.629397995661954e-11,3.076372100004616
213.79999999999998,0.0,4.004138643495821,-0.0034525340049798344,395.0017652253075,1.0284860441868078e-10,3.0761293656329345
213.9,0.0,4.003792651916049,-0.0034672975904696084,395.15764403184176,9.231591601435805e-11,3.075886518429023
214.0,0.0,4.00344518500931,-0.0034820405442830544,395.3134445743305,1.1245193796379857e-10,3.075643558424734
214.1,0.0,4.003096244838799,-0.0034967628659757378,395.4691668005319,3.19078501660365e-11,3.0754004856527826
214.2,0.0,4.002745833467739,-0.0035114645551400157,395.62481065825466,7.5587528548669e-11,3.0751573001467407
214.29999999999998,0.0,4.002393952959413,-0.003526145611405002,395.7803760953595,9.851161507572436e-11,3.074914001941037
214.39999999999998,0.0,4.002040605377123,-0.0035408060344365206,395.93586305975714,1.093540884331154e-10,3.0746705910709506
214.49999999999997,0.0,4.001685792784203,-0.0035554458239370657,396.0912714994105,4.6157958007179026e-11,3.0744270675726137
214.6,0.0,4.0013295172440255,-0.003570064979645764,396.24660136233376,4.0581828851949346e-11,3.0741834314830045
214.7,0.0,4.0009717808199765,-0.003584663501338337,396.4018525965925,5.266344202161365e-11,3.0739396828399457
214.79999999999998,0.0,4.000612585575467,-0.003599241388827047,396.5570251503037,8.51908620937868e-11,3.073695821682106
214.9,0.0,4.000251933573927,-0.0036137986419606783,396.71211897163613,1.1214215301073025e-10,3.0734518480489914
215.0,0.0,3.9998898268787975,-0.003628335260624475,396.8671340088105,8.36419373284452e-11,3.073207761980945
215.1,0.0,3.9995262675535295,-0.0036428512447401243,397.0220702100991,9.665290535731446e-11,3.072963563519148
215.2,0.0,3.999161257661577,-0.0036573465942656893,397.17692752382624,7.187010911184921e-11,3.072719252705611
215.3,0.0,3.998794799266408,-0.0036718213091955975,397.3317058983681,4.522860314797408e-11,3.072474829583179
215.39999999999998,0.0,3.998426894431467,-0.0036862753895605792,397.4864052821532,4.8016667725588915e-11,3.072230294195521
215.49999999999997,0.0,3.9980575452202194,-0.0037007088354276403,397.64102562366213,1.2577269094573613e-10,3.0719856465871325
215.6,0.0,3.997686753696103,-0.0037151216469000162,397.79556687142747,3.500569969671966e-11,3.0717408868033313
215.7,0.0,3.9973145219225548,-0.003729513824117135,397.9500289740346,7.15603241587809e-11,3.0714960148902564
215.79999999999998,0.0,3.996940851962983,-0.0037438853672545824,398.10441188012095,3.96524739927444e-11,3.071251030894861
215.89999999999998,0.0,3.996565745880793,-0.003758236276524046,398.25871553837663,1.3940322888074202e-11,3.0710059348649192
216.0,0.0,3.9961892057393613,-0.0037725665521733016,398.41293989754445,5.080473230320375e-11,3.070760726849011
216.1,0.0,3.995811233602029,-0.0037868761944861522,398.5670849064198,8.023430284469374e-11,3.0705154068965332
216.2,0.0,3.995431831532111,-0.003801165203782403,398.7211505138505,3.841333418047113e-11,3.070269975057684
216.3,0.0,3.9950510015929024,-0.0038154335804178085,398.8751366687379,1.3072925019482918e-10,3.070024431383471
216.4,0.0,3.9946687458476458,-0.0038296813247840444,399.02904332003567,1.0253881946561246e-10,3.069778775925701
216.49999999999997,0.0,3.9942850663595406,-0.0038439084373086707,399.18287041675075,7.15603241587809e-11,3.0695330087369843
216.59999999999997,0.0,3.9938999651917513,-0.003858114918455083,399.33661790794326,5.483193669309186e-11,3.0692871298707263
216.7,0.0,3.993513444407393,-0.0038723007687224793,399.4902857427264,4.677752791331565e-11,3.069041139381128
216.79999999999998,0.0,3.993125506069521,-0.003886465988645827,399.64387387026665,7.34190338771908e-11,3.068795037323182
216.89999999999998,0.0,3.9927361522411533,-0.003900610578795814,399.7973822397838,8.488107714071848e-11,3.0685488237526717
217.0,0.0,3.992345384985225,-0.00391473453977881,399.95081080055115,1.7967527277962304e-11,3.0683024987261693
217.1,0.0,3.9919532063646206,-0.003928837872236844,400.1041595018954,7.434838873639574e-11,3.0680560623010287
217.2,0.0,3.9915596184421656,-0.003942920576847549,400.2574282931972,1.0346817432481741e-10,3.067809514535388
217.29999999999998,0.0,3.9911646232806084,-0.0039569826543241335,400.4106171238902,6.164720566059481e-11,3.0675628554881667
217.4,0.0,3.990768222942622,-0.003971024105415338,400.56372594346226,9.54137655450412e-11,3.0673160852190593
217.5,0.0,3.990370419490807,-0.003985044930905397,400.71675470145544,6.9701614440371e-11,3.067069203788535
217.59999999999997,0.0,3.9899712149876803,-0.003999045131614011,400.8697033474648,5.731021631763838e-11,3.066822211257838
217.7,0.0,3.9895706114956786,-0.004013024708396296,401.02257183114057,8.302236742230857e-11,3.0665751076889793
217.79999999999998,0.0,3.9891686110771523,-0.004026983662142755,401.17536010218595,6.13374207075265e-11,3.0663278931447393
217.89999999999998,0.0,3.988765215794358,-0.004040921993779233,401.32806811035886,8.643000190606005e-11,3.0660805676886627
218.0,0.0,3.9883604277094507,-0.004054839704266883,401.4806958054716,8.240279751617195e-11,3.065833131385055
218.1,0.0,3.9879542488845106,-0.0040687367946021374,401.63324313739065,1.0997365833925204e-10,3.0655855842989834
218.2,0.0,3.9875466813814917,-0.004082613265816653,401.78571005603663,7.217989406491754e-11,3.0653379264962726
218.29999999999998,0.0,3.9871377272622506,-0.00409646911897729,401.9380965113851,7.403860378332742e-11,3.0650901580435
218.4,0.0,3.9867273885885397,-0.004110304355186065,402.090402453466,8.116365770389869e-11,3.0648422790079985
218.5,0.0,3.9863156674220024,-0.0041241189755801206,402.2426278323639,8.271258246924026e-11,3.0645942894578466
218.6,0.0,3.9859025658241563,-0.004137912981331678,402.39477259821814,7.806580817321553e-11,3.064346189461873
218.70000000000002,0.0,3.985488085856407,-0.0041516863736480196,402.5468367012229,8.36419373284452e-11,3.06409797908965
218.79999999999998,0.0,3.9850722295800405,-0.004165439153771434,402.6988200916274,8.36419373284452e-11,3.0638496584114936
218.89999999999998,0.0,3.984654999056199,-0.004179171322979184,402.8507227197355,1.2577269094573613e-10,3.063601227498457
218.99999999999997,0.0,3.9842363963459215,-0.004192882882583476,403.0025445359064,8.302236742230857e-11,3.0633526864223333
219.1,0.0,3.983816423510096,-0.004206573833931419,403.1542854905543,3.035892540069493e-11,3.0631040352556482
219.2,0.0,3.9833950826094795,-0.004220244178404993,403.3059455341487,4.491881819490576e-11,3.06285527407166
219.29999999999998,0.0,3.9829723757046884,-0.004233893917421,403.45752461721463,6.9701614440371e-11,3.062606402944358
219.4,0.0,3.982548304856195,-0.004247523052431047,403.60902269033187,7.589731350173732e-11,3.0623574219484584
219.5,0.0,3.982122872124328,-0.004261131584921492,403.7604397041363,1.1957699188436983e-10,3.062108331159401
219.6,0.0,3.9816960795692613,-0.004274719516413429,403.91177560931885,5.792978622377502e-11,3.061859130653347
219.7,0.0,3.9812679292510205,-0.0042882868484626245,404.0630303566267,7.032118434650763e-11,3.0616098205071802
219.8,0.0,3.980838423229459,-0.004301833582659506,404.214203896862,7.032118434650763e-11,3.0613604007985
219.89999999999998,0.0,3.980407563564296,-0.004315359720629116,404.3652961808831,9.572355049810952e-11,3.0611108716056195
219.99999999999997,0.0,3.9799753523150643,-0.004328865264031076,404.5163071596042,1.1771828216595992e-10,3.0608612330075653
220.1,0.0,3.979541791541134,-0.0043423502145595585,404.667236783995,7.713645331401057e-11,3.0606114850840744
220.2,0.0,3.9791068833017076,-0.004355814573943245,404.8180850050819,4.9565592490930496e-11,3.0603616279155887
220.29999999999998,0.0,3.978670629655815,-0.004369258343945283,404.9688517739471,1.1090301319845699e-10,3.0601116615832566
220.39999999999998,0.0,3.978233032662299,-0.004382681526363275,405.11953704172845,1.2422376618039455e-10,3.0598615861689282
220.5,0.0,3.977794094379829,-0.004396084123029222,405.270140759621,9.262570096742636e-11,3.0596114017551534
220.6,0.0,3.977353816866886,-0.0044094661358094955,405.4206628788754,6.9701614440371e-11,3.059361108425179
220.7,0.0,3.9769122021817656,-0.004422827566604802,405.57110335079886,7.5587528548669e-11,3.0591107062629477
220.8,0.0,3.9764692523825667,-0.004436168417350151,405.7214621267553,8.426150723458184e-11,3.058860195353092
220.9,0.0,3.976024969527199,-0.004449488690014822,405.8717391581651,1.0377795927788572e-10,3.058609575780937
220.99999999999997,0.0,3.975579355673368,-0.004462788386602321,406.0219343965047,3.097849530683156e-12,3.058358847632493
221.1,0.0,3.9751324128785828,-0.004476067509150355,406.17204779330854,9.324527087356299e-11,3.0581080109944554
221.2,0.0,3.974684143200136,-0.0044893260597307985,406.3220793001663,2.106537680864546e-11,3.0578570659542024
221.29999999999998,0.0,3.9742345486951263,-0.004502564040449644,406.4720288687259,1.0253881946561246e-10,3.057606012599792
221.39999999999998,0.0,3.973783631420433,-0.004515781453446996,406.6218964506911,6.350591537900469e-11,3.0573548510199586
221.5,0.0,3.973331393432713,-0.0045289783008970064,406.7716819978235,1.0842473357391044e-10,3.0571035813041125
221.6,0.0,3.9728778367884225,-0.004542154585007863,406.9213854619412,4.1201398758085973e-11,3.056852203542337
221.7,0.0,3.9724229635437713,-0.004555310308021748,407.07100679491987,8.395172228151352e-11,3.0566007178253822
221.8,0.0,3.971966775754759,-0.004568445472214792,407.2205459486921,8.735935676526499e-11,3.056349124244668
221.9,0.0,3.9715092754771537,-0.004581560079897072,407.3700028752482,6.877225958116606e-11,3.056097422892279
222.0,0.0,3.9710504647664884,-0.004594654133412546,407.5193775266356,5.94787109891166e-11,3.0558456138609613
222.09999999999997,0.0,3.9705903456780614,-0.004607727635139032,407.66866985495903,1.031583893717491e-10,3.055593697244122
222.2,0.0,3.9701289202669283,-0.004620780587488176,407.8178798123812,1.1276172291686687e-10,3.0553416731358243
222.29999999999998,0.0,3.9696661905879083,-0.0046338129929054195,407.9806398723447,7.992451789162542e-11,3.055089541630787
222.39999999999998,0.0,3.9692021586955706,-0.004646824853869964,408.14387347423866,8.550064704685511e-11,3.0548373028243834
222.5,0.0,3.9687368266442333,-0.004659816172894735,408.30703327435185,4.9565592490930496e-11,3.054584956812632
222.6,0.0,3.968270196487961,-0.00467278695252636,408.47011921238334,8.890828153060657e-11,3.054332503692203
222.7,0.0,3.967802270280567,-0.004685737195345122,408.6331312280852,1.1400086272914013e-10,3.054079943560412
222.79999999999998,0.0,3.9673330500756023,-0.004698666903964934,408.7960692612619,6.815268967502944e-11,3.0538272765152126
222.9,0.0,3.966862537926351,-0.004711576081033307,408.95893325177195,7.217989406491754e-11,3.0535745026552035
223.0,0.0,3.9663907358858377,-0.004724464729231312,409.1217231395267,1.1214215301073025e-10,3.0533216220796175
223.1,0.0,3.965917646006813,-0.004737332851273559,409.28443886449054,4.2750323523427555e-11,3.0530686348883256
223.2,0.0,3.965443270341755,-0.004750180449908148,409.4470803666819,7.248967901798586e-11,3.052815541181829
223.29999999999998,0.0,3.964967610942865,-0.004763007527916648,409.6096475861726,1.2205527150891634e-10,3.05256234106126
223.39999999999998,0.0,3.964490669862062,-0.004775814088114069,409.77214046308774,1.3599559439699055e-10,3.05230903462838
223.49999999999997,0.0,3.9640124491509896,-0.0047886001333488125,409.93455893760625,8.240279751617195e-11,3.052055621985574
223.6,0.0,3.963532950860997,-0.004801365666502664,410.09690294996125,5.978849594218491e-11,3.0518021032358496
223.7,0.0,3.9630521770431453,-0.004814110690490734,410.25917244043916,6.257656051979975e-11,3.0515484784828355
223.79999999999998,0.0,3.962570129748207,-0.004826835208261449,410.4213673493811,5.080473230320375e-11,3.05129474783078
223.9,0.0,3.9620868110266554,-0.0048395392227965055,410.5834876171815,8.643000190606005e-11,3.0510409113845443
224.0,0.0,3.961602222928661,-0.004852222737110845,410.74553318428946,7.34190338771908e-11,3.0507869692496032
224.1,0.0,3.9611163675040912,-0.004864885754252619,410.90750399120833,6.474505519127796e-11,3.0505329215320427
224.2,0.0,3.960629246802514,-0.004877528277303164,411.06939997849565,3.96524739927444e-11,3.050278768338558
224.29999999999998,0.0,3.9601408628731805,-0.004890150309376954,411.23122108676324,1.0625623890243226e-10,3.0500245097764465
224.39999999999998,0.0,3.959651217765029,-0.004902751853621594,411.392967256678,1.0904430348004708e-10,3.0497701459536133
224.49999999999997,0.0,3.9591603135266866,-0.004915332913217766,411.55463842896086,7.713645331401057e-11,3.0495156769785603
224.6,0.0,3.958668152206458,-0.00492789349137921,411.7162345443878,1.2701183075800938e-11,3.049261102960391
224.7,0.0,3.9581747358523227,-0.004940433591352686,411.8777555437897,-5.266344202161365e-12,3.0490064240088013
224.79999999999998,0.0,3.9576800665119354,-0.004952953216417953,412.03920136805203,1.3165860505403413e-10,3.0487516402340846
224.89999999999998,0.0,3.957184146232617,-0.004965452369887727,412.20057195811535,8.240279751617195e-11,3.048496751747121
225.0,0.0,3.956686977061365,-0.004977931055107659,412.36186725497544,4.646774296024734e-11,3.048241758659383
225.1,0.0,3.956188561044841,-0.004990389275456293,412.52308719968283,2.97393554945583e-11,3.0479866610829265
225.2,0.0,3.9556889002293487,-0.0050028270343450455,412.6842317333441,8.209301256310363e-11,3.047731459130393
225.3,0.0,3.955187996660872,-0.005015244335218174,412.84530079712016,1.2329441132118962e-10,3.0474761529150034
225.39999999999998,0.0,3.954685852385032,-0.005027641181552747,413.00629433222815,6.939182948730269e-11,3.0472207425505586
225.49999999999997,0.0,3.9541824694471113,-0.005040017576858598,413.16721227994043,6.815268967502944e-11,3.0469652281514366
225.6,0.0,3.953677849892037,-0.005052373524678323,413.32805458158487,4.4609033241837444e-11,3.046709609832587
225.7,0.0,3.9531719957643734,-0.005064709028587221,413.48882117854515,2.5712151104670196e-11,3.046453887709534
225.79999999999998,0.0,3.952664909108332,-0.0050770240921932846,413.6495120122608,6.75331197688928e-11,3.0461980618983673
225.89999999999998,0.0,3.952156591967768,-0.00508931871913716,413.81012702422703,6.598419500355123e-11,3.045942132515747
226.0,0.0,3.951647046386154,-0.005101592913092127,413.9706661559954,1.2081613169664308e-10,3.045686099678895
226.1,0.0,3.9511362744066143,-0.005113846677764047,414.1311293491729,5.916892603604827e-11,3.045429963505595
226.2,0.0,3.950624278071879,-0.00512608001689136,414.29151654542306,3.8103549227402817e-11,3.0451737241141914
226.3,0.0,3.950111059424322,-0.005138292934245035,414.45182768646583,8.797892667140163e-11,3.0449173816235855
226.4,0.0,3.94959662050593,-0.00515048543362855,414.6120627140769,6.56744100504829e-11,3.0446609361532313
226.5,0.0,3.9490809633583033,-0.005162657518877857,414.772221570089,9.231591601435805e-11,3.044404387823138
226.59999999999997,0.0,3.9485640900226655,-0.005174809193861352,414.9323041963907,3.097849530683156e-11,3.0441477367538616
226.7,0.0,3.948046002539849,-0.005186940462479852,415.0923105349276,7.187010911184921e-11,3.043890983066507
226.79999999999998,0.0,3.9475267029502907,-0.005199051328666562,415.2522405277019,8.95278514367432e-11,3.043634126882724
226.89999999999998,0.0,3.9470061932940412,-0.005211141796387038,415.4120941167723,1.016094646064075e-10,3.0433771683247035
227.0,0.0,3.9464844756107404,-0.005223211869639173,415.5718712442547,6.319613042593638e-11,3.04312010751518
227.1,0.0,3.945961551939633,-0.005235261552453143,415.7315718523215,9.076699124901647e-11,3.0428629445774216
227.2,0.0,3.945437424319565,-0.0052472908488914085,415.8911958832024,6.319613042593638e-11,3.0426056796352334
227.29999999999998,0.0,3.944912094788971,-0.005259299763048664,416.05074327918425,8.488107714071848e-11,3.0423483128129543
227.4,0.0,3.944385565385864,-0.005271288299051813,416.21021398261075,6.319613042593638e-11,3.042090844235452
227.5,0.0,3.9438578381478573,-0.005283256461059934,416.36960793588315,3.841333418047113e-11,3.041833274028125
227.6,0.0,3.9433289151121413,-0.005295204253264264,416.5289250814599,-1.7347957371825673e-11,3.041575602316894
227.7,0.0,3.942798798315485,-0.005307131679888169,416.68816536185705,9.789204516958774e-11,3.0413178292282055
227.79999999999998,0.0,3.9422674897942303,-0.005319038745187092,416.84732871964803,6.908204453423438e-11,3.0410599548890263
227.89999999999998,0.0,3.9417349915843,-0.0053309254534485455,417.0064150974638,1.0253881946561246e-10,3.0408019794268415
227.99999999999997,0.0,3.9412013057211785,-0.0053427918089920924,417.1654244379932,3.221763511910482e-11,3.0405439029696515
228.1,0.0,3.940666434239917,-0.005354637816169278,417.32435668398267,6.877225958116606e-11,3.0402857256459734
228.2,0.0,3.940130379175142,-0.005366463479363641,417.48321177823664,6.257656051979975e-11,3.0400274475848335
228.29999999999998,0.0,3.939593142561025,-0.005378268802990659,417.6419896636175,8.333215237537689e-11,3.039769068915767
228.4,0.0,3.939054726431298,-0.00539005379149774,417.8006902830454,1.016094646064075e-10,3.0395105897688164
228.5,0.0,3.9385151328192585,-0.00540181844936417,417.9593135794991,6.598419500355123e-11,3.0392520102745286
228.6,0.0,3.937974363757736,-0.005413562781101102,418.11785949601517,5.916892603604827e-11,3.038993330563952
228.7,0.0,3.937432421279117,-0.0054252867912515275,418.27632797568856,9.10767762020848e-11,3.038734550768634
228.79999999999998,0.0,3.936889307415335,-0.005436990484390231,418.4347189616725,7.094075425264426e-11,3.0384756710206213
228.89999999999998,0.0,3.936345024197859,-0.005448673865123778,418.59303239717883,5.1734087162408705e-11,3.0382166914524524
228.99999999999997,0.0,3.935799573657699,-0.00546033693809049,418.751268225478,1.2081613169664308e-10,3.037957612197161
229.1,0.0,3.935252957825397,-0.0054719797079603935,418.90942638989856,6.102763575445817e-11,3.037698433388269
229.2,0.0,3.9347051787310248,-0.00548360217943521,419.0675068338284,7.682666836094226e-11,3.0374391551597877
229.29999999999998,0.0,3.9341562384041926,-0.005495204357248318,419.2255095007138,7.34190338771908e-11,3.037179777646212
229.4,0.0,3.9336061388740218,-0.005506786246164742,419.38343433406015,6.908204453423438e-11,3.0369203009825196
229.5,0.0,3.933054882169162,-0.005518347850981092,419.54128127743166,6.815268967502944e-11,3.0366607253041717
229.6,0.0,3.932502470317788,-0.0055298891765255724,419.6990502744514,7.032118434650763e-11,3.0364010507471044
229.7,0.0,3.9319489053475802,-0.005541410227657926,419.85674126880195,1.170987122598233e-10,3.036141277447732
229.8,0.0,3.9313941892857316,-0.005552911009269407,420.0143542042246,1.1431064768220846e-10,3.0358814055429417
229.89999999999998,0.0,3.9308383241589553,-0.005564391526282775,420.17188902452034,7.992451789162542e-11,3.0356214351700923
229.99999999999997,0.0,3.9302813119934585,-0.005575851783652248,420.32934567354937,6.691354986275617e-11,3.0353613664670105
230.1,0.0,3.9297231548149596,-0.0055872917863634694,420.4867240952313,8.921806648367489e-11,3.0351011995719905
230.2,0.0,3.9291638546486687,-0.005598711539433499,420.6440242335454,8.085387275083037e-11,3.0348409346237903
230.29999999999998,0.0,3.9286034135193,-0.0056101110479107605,420.80124603253034,6.56744100504829e-11,3.034580571761631
230.39999999999998,0.0,3.928041833451059,-0.005621490316875049,420.9583894362844,1.3072925019482918e-10,3.0343201111251905
230.5,0.0,3.927479116467647,-0.005632849351437459,421.1154543889661,1.0780516366777382e-10,3.0340595528546075
230.6,0.0,3.9269152645922367,-0.0056441881567403825,421.2724408347933,8.36419373284452e-11,3.033798897090474
230.7,0.0,3.9263502798475014,-0.005655506737957496,421.42934871804425,8.395172228151352e-11,3.0335381439738325
230.8,0.0,3.9257841642555875,-0.00566680510029368,421.5861779830566,8.612021695299174e-11,3.0332772936461794
230.9,0.0,3.925216919838125,-0.005678083248985045,421.74292857422887,1.170987122598233e-10,3.0330163462494575
230.99999999999997,0.0,3.9246485486162115,-0.005689341189298876,421.899600436019,8.426150723458184e-11,3.032755301926055
231.09999999999997,0.0,3.9240790526104186,-0.0057005789265336115,422.05619351294575,9.975075488799762e-11,3.0324941608188034
231.2,0.0,3.9235084338407913,-0.005711796466018808,422.2127077495879,7.713645331401057e-11,3.0322329230709757
231.29999999999998,0.0,3.9229366943268333,-0.005722993813115125,422.36914309058477,4.2750323523427555e-11,3.0319715888262824
231.39999999999998,0.0,3.9223638360875195,-0.005734170973214288,422.5254994806362,7.992451789162542e-11,3.031710158228872
231.5,0.0,3.9217898611412707,-0.005745327951739057,422.6817768645025,8.766914171833332e-11,3.031448631423327
231.6,0.0,3.921214771505976,-0.005756464754143206,422.8379751870046,1.4621849784824497e-10,3.031187008554662
231.7,0.0,3.9206385691989722,-0.005767581385911495,422.99409439302434,1.610881755955241e-11,3.0309252897683177
231.79999999999998,0.0,3.9200612562370507,-0.005778677852559637,423.15013442750427,3.77937642743345e-11,3.0306634752101655
231.9,0.0,3.919482834636438,-0.005789754159634268,423.3060952354478,3.77937642743345e-11,3.0304015650265015
232.0,0.0,3.9189033064128216,-0.0058008103127129285,423.46197676191946,7.032118434650763e-11,3.0301395593640432
232.09999999999997,0.0,3.918322673581317,-0.005811846317404027,423.6177789520447,5.452215174002354e-11,3.029877458369928
232.2,0.0,3.917740938156478,-0.005822862179346811,423.77350175101003,8.983763638981152e-11,3.0296152621917134
232.29999999999998,0.0,3.917158102152301,-0.0058338579042113555,423.9291451040633,6.691354986275617e-11,3.029352970977371
232.39999999999998,0.0,3.9165741675822057,-0.0058448334976985055,424.0847089565136,4.584817305411071e-11,3.0290905848752874
232.5,0.0,3.915989136459045,-0.005855788965539874,424.24019325373155,8.766914171833332e-11,3.0288281040342575
232.6,0.0,3.9154030107950897,-0.005866724313497803,424.39559794114894,8.426150723458184e-11,3.0285655286034876
232.7,0.0,3.914815792602047,-0.005877639547365329,424.5509229642592,6.3815700332073e-11,3.028302858732591
232.79999999999998,0.0,3.9142274838910316,-0.005888534672966174,424.70616826861743,8.581043199992342e-11,3.028040094571583
232.9,0.0,3.913638086672576,-0.005899409696154703,424.8613337998403,1.9516452043303882e-11,3.027777236270883
233.0,0.0,3.9130476029566257,-0.005910264622815888,425.01641950360636,8.550064704685511e-11,3.0275142839813096
233.1,0.0,3.9124560347525437,-0.005921099458865301,425.1714253256557,7.806580817321553e-11,3.0272512378540792
233.2,0.0,3.9118633840690866,-0.005931914210249075,425.3263512117907,4.089161380501766e-11,3.026988098040803
233.29999999999998,0.0,3.911269652914427,-0.005942708882943866,425.48119710787574,9.169634610822142e-11,3.026724864693486
233.39999999999998,0.0,3.9106748432961345,-0.005953483482956849,425.6359629598368,1.4528914298904e-10,3.026461537964522
233.49999999999997,0.0,3.9100789572211685,-0.005964238016325665,425.7906487136623,8.921806648367489e-11,3.026198118006698
233.6,0.0,3.9094819966958987,-0.005974972489118402,425.9452543154029,5.669064641150175e-11,3.0259346049731812
233.7,0.0,3.908883963726071,-0.0059856869074335775,426.09977971117166,5.94787109891166e-11,3.025670999017527
233.79999999999998,0.0,3.9082848603168294,-0.005996381277400091,426.25422484714386,1.2205527150891634e-10,3.025407300293672
233.9,0.0,3.9076846884726995,-0.006007055605177215,426.40858966955693,5.390258183388691e-11,3.0251435089559315
234.0,0.0,3.907083450197591,-0.006017709896954542,426.5628741247116,7.837559312628384e-11,3.0248796251589987
234.1,0.0,3.906481147494801,-0.006028344158951989,426.71707815897037,4.1201398758085973e-11,3.02461564905794
234.2,0.0,3.9058777823669817,-0.006038958397419733,426.87120171875904,6.815268967502943e-12,3.0243515808082
234.29999999999998,0.0,3.905273356816178,-0.006049552618638218,427.02524475056583,6.319613042593638e-11,3.024087420565587
234.39999999999998,0.0,3.9046678728437985,-0.0060601268289180955,427.1792072009417,2.0136021949440513e-11,3.023823168486282
234.49999999999997,0.0,3.9040613324506217,-0.006070681034600218,427.33308901650094,1.0997365833925204e-10,3.023558824726832
234.6,0.0,3.9034537376367875,-0.006081215242055597,427.48689014392033,5.792978622377502e-11,3.0232943894441475
234.7,0.0,3.9028450904018013,-0.006091729457685383,427.6406105299399,1.0687580880856889e-10,3.023029862795499
234.79999999999998,0.0,3.902235392744523,-0.006102223687920832,427.79425012136306,1.548924765341578e-11,3.022765244938519
234.89999999999998,0.0,3.901624646663164,-0.0061126979392232775,427.9478088650562,7.868537807935217e-11,3.0225005360311963
235.0,0.0,3.9010128541553017,-0.006123152218084108,428.10128670794876,7.248967901798586e-11,3.0222357362318757
235.1,0.0,3.9004000172178452,-0.006133586531024725,428.2546835970339,8.95278514367432e-11,3.0219708456992525
235.2,0.0,3.899786137847063,-0.006144000884596529,428.4079994793681,1.0346817432481741e-10,3.0217058645923753
235.3,0.0,3.8991712180385623,-0.006154395285380883,428.56123430207106,3.5315484649787974e-11,3.0214407930706404
235.4,0.0,3.898555259787294,-0.0061647697399890775,428.71438801232676,3.6864409415129555e-11,3.0211756312937896
235.49999999999997,0.0,3.8979382650875425,-0.006175124255062319,428.867460557382,7.682666836094226e-11,3.0209103794219105
235.6,0.0,3.8973202359329235,-0.006185458837271687,429.02045188454787,1.3072925019482918e-10,3.020645037615431
235.7,0.0,3.896701174316396,-0.006195773493318111,429.17336194119895,3.9032904086607764e-11,3.0203796060351196
235.79999999999998,0.0,3.8960810822302334,-0.006206068229932336,429.32619067477384,1.1276172291686687e-10,3.0201140848420827
235.89999999999998,0.0,3.8954599616660444,-0.006216343053874898,429.47893803277503,9.572355049810952e-11,3.0198484741977594
236.0,0.0,3.894837814614755,-0.0062265979719360945,429.631603962769,7.125053920571259e-11,3.019582774263926
236.1,0.0,3.8942146430666096,-0.006236832990935958,429.7841884123866,7.34190338771908e-11,3.019316985202688
236.2,0.0,3.8935904490111746,-0.0062470481177242234,429.9366913293223,3.624483950899293e-11,3.019051107176479
236.3,0.0,3.8929652344373302,-0.006257243359180296,430.0891126613352,7.775602322014721e-11,3.01878514034806
236.4,0.0,3.892339001333262,-0.00626741872221322,430.2414523562489,9.076699124901647e-11,3.0185190848805177
236.5,0.0,3.8917117516864614,-0.00627757421376167,430.39371036195064,8.890828153060657e-11,3.0182529409372587
236.59999999999997,0.0,3.8910834874837352,-0.006287709840793894,430.5458866263928,7.651688340787395e-11,3.017986708682012
236.7,0.0,3.8904542107111797,-0.006297825610307704,430.6979810975922,1.0594645394936393e-10,3.0177203882788226
236.79999999999998,0.0,3.889823923354197,-0.006307921529330433,430.84999372362984,6.443527023820965e-11,3.017453979892054
236.89999999999998,0.0,3.889192627397485,-0.006317997604918912,431.00192445265196,5.978849594218491e-11,3.017187483686381
237.0,0.0,3.8885603248250313,-0.006328053844159444,431.1537732328689,2.6021936057738513e-11,3.0169208998267916
237.1,0.0,3.887927017620117,-0.006338090254167768,431.30554001255655,2.4473011292396934e-11,3.016654228478582
237.2,0.0,3.8872927077653037,-0.006348106842089028,431.4572247400549,1.170987122598233e-10,3.016387469807356
237.29999999999998,0.0,3.886657397242442,-0.006358103615097753,431.6088273637696,6.505484014434627e-11,3.0161206239790244
237.4,0.0,3.886021088032667,-0.006368080580397819,431.76034783217085,6.040806584832154e-11,3.015853691159798
237.5,0.0,3.8853837821163864,-0.006378037745222415,431.9117860937942,1.1214215301073025e-10,3.0155866715161914
237.6,0.0,3.8847454814732845,-0.006387975116834024,432.0631420972402,2.881000063535335e-11,3.015319565215015
237.7,0.0,3.884106188082314,-0.006397892702524393,432.2144157911747,5.514172164616018e-11,3.015052372423378
237.79999999999998,0.0,3.883465903921708,-0.0064077905096144895,432.365607124329,9.72724752634511e-11,3.0147850933086846
237.89999999999998,0.0,3.8828246309689542,-0.006417668545454481,432.51671604549944,7.125053920571259e-11,3.01451772803863
237.99999999999997,0.0,3.882182371200809,-0.006427526817423714,432.66774250354837,7.899516303242048e-11,3.014250276781199
238.1,0.0,3.8815391265932924,-0.0064373653329306574,432.81868644740297,1.390934439276737e-10,3.013982739704667
238.2,0.0,3.8808948991216754,-0.006447184099412905,432.9695478260565,6.660376490968786e-11,3.0137151169775938
238.29999999999998,0.0,3.8802496907604893,-0.006456983124337116,433.12032658856776,9.72724752634511e-11,3.0134474087688226
238.4,0.0,3.8796035034835135,-0.006466762415198998,433.2710226840611,7.15603241587809e-11,3.0131796152474797
238.5,0.0,3.878956339263775,-0.006476521979523287,433.42163606172704,1.2019656179050646e-10,3.012911736582972
238.6,0.0,3.8783082000735556,-0.006486261824863689,433.5721666708216,1.1616935740061835e-10,3.012643772944982
238.7,0.0,3.877659087884374,-0.006495981958802877,433.72261446066693,4.925580753786218e-11,3.0123757245034692
238.79999999999998,0.0,3.8770090046669847,-0.006505682388952446,433.8729793806512,2.7880645776148405e-11,3.012107591428665
238.89999999999998,0.0,3.8763579523913894,-0.006515363122952884,434.0232613802285,3.37665598844464e-11,3.0118393738910756
238.99999999999997,0.0,3.8757059330268206,-0.006525024168473537,434.1734604089193,7.682666836094226e-11,3.0115710720614715
239.1,0.0,3.875052948541733,-0.0065346655332125985,434.3235764163101,1.6604473484461715e-10,3.0113026861108945
239.2,0.0,3.8743990009038276,-0.006544287224897043,434.4736093520534,4.584817305411071e-11,3.0110342162106516
239.29999999999998,0.0,3.8737440920800195,-0.006553889251282633,434.6235591658688,3.5315484649787974e-11,3.010765662532309
239.4,0.0,3.8730882240364477,-0.006563471620153855,434.77342580754186,1.1988677683743816e-10,3.010497025247699
239.5,0.0,3.872431398738472,-0.0065730343393239155,434.9232092269244,1.133812928230035e-10,3.010228304528908
239.6,0.0,3.8717736181506766,-0.006582577416634689,435.07290937393515,1.2360419627425792e-10,3.009959500548282
239.7,0.0,3.8711148842368477,-0.006592100859956696,435.2225261985593,3.37665598844464e-11,3.0096906134784236
239.8,0.0,3.8704551989599882,-0.006601604677189077,435.3720596508491,1.3661516430312718e-10,3.009421643492184
239.89999999999998,0.0,3.869794564282316,-0.006611088876259544,435.5215096809228,6.009828089525323e-11,3.009152590762667
239.99999999999997,0.0,3.869132982165248,-0.0066205534651243595,435.67087623896623,1.0811494862084214e-10,3.008883455463228
240.1,0.0,3.868470454569402,-0.006629998451768318,435.82015927523156,5.142430220934039e-11,3.008614237767463
240.2,0.0,3.8678069834546003,-0.006639423844204683,435.9693587400385,6.939182948730269e-11,3.0083449378492197
240.29999999999998,0.0,3.867142570779868,-0.006648829650475181,436.11847458377304,8.983763638981152e-11,3.0080755558825816
240.39999999999998,0.0,3.866477218503414,-0.006658215878649957,436.26750675688896,1.0563666899629561e-10,3.007806092041877
240.5,0.0,3.8658109285826376,-0.006667582536827556,436.41645520990676,1.2484333608653118e-10,3.007536546501672
240.6,0.0,3.8651437029741396,-0.00667692963313487,436.5653198934142,1.3661516430312718e-10,3.0072669194367676
240.7,0.0,3.8644755436337,-0.006686257175727119,436.71410075806654,1.3010968028869255e-10,3.0069972110222003
240.8,0.0,3.863806452516272,-0.006695565172787822,436.8627977545862,8.178322761003532e-11,3.00672742143324
240.9,0.0,3.8631364315760077,-0.00670485363252875,437.0114108337632,9.634312040424614e-11,3.006457550845385
240.99999999999997,0.0,3.8624654827662206,-0.006714122563189911,437.1599399464549,8.457129218765016e-11,3.0061875994343645
241.09999999999997,0.0,3.8617936080394086,-0.006723371973039502,437.30838504358627,1.2236505646198467e-10,3.0059175673761316
241.2,0.0,3.8611208093472373,-0.006732601870373885,437.4567460761499,1.093540884331154e-10,3.005647454846865
241.29999999999998,0.0,3.860447088640544,-0.006741812263517561,437.60502299520584,4.1201398758085973e-11,3.0053772620229657
241.39999999999998,0.0,3.8597724478693265,-0.006751003160823114,437.7532157518824,8.209301256310363e-11,3.005106989081056
241.5,0.0,3.8590968889827493,-0.006760174570671201,437.90132429737525,1.2174548655584804e-10,3.004836636197974
241.6,0.0,3.858420413929144,-0.0067693265014705075,438.04934858294797,2.2304516620918722e-11,3.0045662035507767
241.7,0.0,3.8577430246559894,-0.00677845896165771,438.19728855993253,7.868537807935217e-11,3.004295691316735
241.79999999999998,0.0,3.8570647231099193,-0.006787571959697474,438.34514417972827,1.0687580880856889e-10,3.0040250996733313
241.9,0.0,3.8563855112367293,-0.006796665504082364,438.49291539380295,7.403860378332742e-11,3.0037544287982594
242.0,0.0,3.8557053909813574,-0.006805739603332864,438.64060215369267,1.0098989470027087e-10,3.003483678869421
242.09999999999997,0.0,3.8550243642878925,-0.006814794265997314,438.7882044110012,6.288634547286806e-11,3.0032128500649233
242.2,0.0,3.8543424330995584,-0.006823829500651887,438.9357221174008,5.731021631763838e-11,3.002941942563082
242.29999999999998,0.0,3.853659599358734,-0.006832845315900558,439.0831552246325,4.2750323523427555e-11,3.0026709565424095
242.39999999999998,0.0,3.852975865006919,-0.00684184172037505,439.2305036845049,8.95278514367432e-11,3.002399892181625
242.49999999999997,0.0,3.8522912319847653,-0.006850818722734829,439.37776744889584,1.0470731413709068e-10,3.0021287496596405
242.6,0.0,3.8516057022320433,-0.006859776331667055,439.524946469751,7.310924892412248e-11,3.0018575291555685
242.7,0.0,3.8509192776876637,-0.0068687145558865405,439.6720406990853,4.4609033241837444e-11,3.001586230848716
242.79999999999998,0.0,3.850231960289664,-0.006877633404135727,439.8190500889817,5.6071076505365124e-11,3.0013148549185806
242.9,0.0,3.8495437519752,-0.006886532885184655,439.96597459159227,1.1028344329232036e-10,3.0010434015448517
243.0,0.0,3.848854654680547,-0.006895413007830908,440.11281415913766,9.138656115515311e-11,3.0007718709074096
243.1,0.0,3.8481646703411103,-0.006904273780899614,440.2595687439074,6.939182948730269e-11,3.000500263186318
243.2,0.0,3.847473800891404,-0.006913115213243365,440.40623829826,1.1554978749448171e-10,3.000228578561829
243.29999999999998,0.0,3.8467820482650557,-0.006921937313742233,440.55282277462277,1.3041946524176085e-10,2.9999568172143753
243.39999999999998,0.0,3.8460894143948,-0.006930740091303685,440.6993221254921,3.500569969671966e-11,2.9996849793245723
243.49999999999997,0.0,3.8453959012124943,-0.0069395235548625825,440.8457363034337,1.152400025414134e-10,2.9994130650732136
243.6,0.0,3.8447015106490836,-0.006948287713381139,440.9920652610819,1.2453355113346287e-10,2.999141074641272
243.7,0.0,3.8440062446346235,-0.006957032575848873,441.1383089511405,1.610881755955241e-11,2.9988690082098928
243.79999999999998,0.0,3.843310105098266,-0.006965758151282585,441.28446732638304,8.054408779776205e-11,2.9985968659603968
243.9,0.0,3.8426130939682657,-0.006974464448726319,441.4337670489954,1.2484333608653118e-10,2.9983246480742767
244.0,0.0,3.841915213171966,-0.006983151477251329,441.59446292539997,9.572355049810952e-11,2.998052354733193
244.1,0.0,3.8412164646358042,-0.006991819245956034,441.75508105348985,7.032118434650763e-11,2.997779986118977
244.19999999999996,0.0,3.8405168502853093,-0.007000467763965991,441.9156213743243,0.0,2.997507542413622
244.29999999999998,0.0,3.839816372045088,-0.007009097040433864,442.0760838290283,9.35550558266313e-11,2.997235023799288
244.39999999999998,0.0,3.8391150318388405,-0.007017707084539372,442.23646835879214,1.2453355113346287e-10,2.9969624304582965
244.49999999999997,0.0,3.83841283158934,-0.007026297905489262,442.39677490487225,9.293548592049468e-11,2.9966897625731295
244.6,0.0,3.8377097732184375,-0.007034869512517285,442.55700340858994,9.045720629594816e-11,2.996417020326427
244.7,0.0,3.8370058586470694,-0.007043421914884134,442.7171538113332,6.536462509741459e-11,2.9961442039009842
244.79999999999998,0.0,3.8363010897952337,-0.007051955121877423,442.8772260545553,6.629397995661954e-11,2.9958713134797543
244.89999999999998,0.0,3.8355954685819973,-0.007060469142811662,443.03722007977603,1.170987122598233e-10,2.9955983492458405
245.0,0.0,3.834888996925505,-0.007068963987028187,443.1971358285805,9.231591601435805e-11,2.995325311382496
245.1,0.0,3.8341816767429604,-0.007077439663895168,443.35697324262054,8.983763638981152e-11,2.995052200073127
245.2,0.0,3.833473509950622,-0.007085896182807521,443.51673226361373,5.823957117684333e-11,2.994779015501281
245.3,0.0,3.832764498463824,-0.00709433355318692,443.67641283334433,1.0656602385550056e-10,2.994505757850657
245.4,0.0,3.8320546441969388,-0.007102751784481728,443.8360148936624,1.6201753045472906e-10,2.9942324273050933
245.5,0.0,3.831343949063409,-0.007111150886166966,443.9955383864847,3.4695914743651346e-11,2.9939590240485714
245.6,0.0,3.830632414975712,-0.007119530867744294,444.15498325379457,8.735935676526499e-11,2.993685548265212
245.70000000000002,0.0,3.829920043845388,-0.007127891738741942,444.3143494376418,7.899516303242048e-11,2.993412000139274
245.8,0.0,3.829206837583016,-0.0071362335087146985,444.4736368801425,2.261430157398704e-11,2.993138379855152
245.9,0.0,3.828492798098217,-0.007144556187243865,444.63284552348017,1.0966387338618372e-10,2.992864687597376
245.99999999999997,0.0,3.827777927299659,-0.007152859783937215,444.7919753099041,1.2484333608653118e-10,2.9925909235506065
246.09999999999997,0.0,3.827062227095041,-0.007161144308428961,444.9510261817312,5.421236678695522e-11,2.992317087899636
246.19999999999996,0.0,3.8263456993910987,-0.007169409770379709,445.10999808134534,6.288634547286806e-11,2.9920431808293855
246.29999999999998,0.0,3.825628346093606,-0.007177656179476434,445.2688909511967,7.032118434650763e-11,2.9917692025249027
246.39999999999998,0.0,3.8249101691073593,-0.007185883545432428,445.42770473380284,5.792978622377502e-11,2.99149515317136
246.49999999999997,0.0,3.824191170336192,-0.007194091877987268,445.58643937174895,1.22674841415053e-10,2.9912210329540554
246.59999999999997,0.0,3.8234713516829464,-0.007202281186906774,445.74509480768654,9.014742134287983e-11,2.990946842058405
246.7,0.0,3.822750715049499,-0.007210451481982989,445.90367098433506,1.0563666899629561e-10,2.9906725806699477
246.79999999999998,0.0,3.8220292623367484,-0.0072186027730341,446.0621678444811,1.2949011038255592e-10,2.9903982489743375
246.89999999999998,0.0,3.821306995444601,-0.007226735069904445,446.2205853309785,8.828871162446995e-11,2.9901238471573484
247.0,0.0,3.820583916271985,-0.0072348483824644485,446.37892338674897,6.598419500355123e-11,2.9898493754048645
247.1,0.0,3.819860026716829,-0.007242942720610579,446.5371819547815,4.739709781945229e-11,2.9895748339028843
247.2,0.0,3.819135328676088,-0.007251018094265329,446.6953609781325,1.332075298193757e-11,2.9893002228375187
247.29999999999998,0.0,3.818409824045705,-0.007259074513377166,446.8534603999268,8.859849657753826e-11,2.9890255423949843
247.4,0.0,3.8176835147206396,-0.007267111987920486,447.01148016335617,1.313488201009658e-10,2.9887507927616093
247.5,0.0,3.8169564025948493,-0.007275130527895575,447.16942021168074,1.1059322824538867e-10,2.988475974123822
247.6,0.0,3.8162284895612877,-0.007283130143328599,447.3272804882286,8.51908620937868e-11,2.988201086668159
247.70000000000002,0.0,3.8154997775119073,-0.0072911108442715155,447.4850609363954,1.6201753045472906e-10,2.9879261305812563
247.8,0.0,3.8147702683376523,-0.007299072640802074,447.64276149964525,6.009828089525323e-11,2.9876511060498507
247.9,0.0,3.814039963928463,-0.007307015543023758,447.80038212151027,1.1121279815152529e-10,2.987376013260779
248.0,0.0,3.8133088661732577,-0.007314939561065747,447.9579227455906,4.0581828851949346e-11,2.9871008524009723
248.10000000000002,0.0,3.8125769769599502,-0.00732284470508288,448.1153833155552,5.576129155229681e-11,2.9868256236574577
248.20000000000002,0.0,3.8118442981754357,-0.007330730985255609,448.27276377514045,4.522860314797408e-11,2.986550327217356
248.29999999999995,0.0,3.811110831705583,-0.007338598411789968,448.430064068152,1.1957699188436983e-10,2.986274963267878
248.39999999999998,0.0,3.810376579435247,-0.007346446994917523,448.58728413846353,8.890828153060657e-11,2.985999531996326
248.49999999999997,0.0,3.809641543248255,-0.007354276744895341,448.7444239300174,6.071785080138986e-11,2.985724033590089
248.59999999999997,0.0,3.8089057250274108,-0.007362087672005945,448.9014833868246,1.57060971205636e-10,2.9854484682366427
248.69999999999996,0.0,3.8081691266544824,-0.007369879786557266,449.0584624529644,6.877225958116606e-11,2.985172836123548
248.79999999999998,0.0,3.807431750010212,-0.007377653098882618,449.2153610725859,6.443527023820965e-11,2.9848971374384474
248.89999999999998,0.0,3.806693596974299,-0.007385407619340643,449.3721791899057,7.961473293855711e-11,2.984621372369067
248.99999999999997,0.0,3.8059546694254176,-0.0073931433583152755,449.5289167492102,1.2639226085187276e-10,2.9843455411032074
249.1,0.0,3.8052149692411903,-0.007400860326215704,449.6855736948542,9.138656115515311e-11,2.984069643828753
249.2,0.0,3.8044744982982053,-0.007408558533476321,449.84214997126236,7.465817368946406e-11,2.983793680733659
249.29999999999998,0.0,3.803733258472005,-0.007416237990556695,449.99864552292723,9.200613106128974e-11,2.9835176520059594
249.39999999999998,0.0,3.802991251637079,-0.0074238987079415135,450.15506029441144,7.527774359560069e-11,2.9832415578337574
249.5,0.0,3.8022484796668756,-0.007431540696140554,450.3113942303466,4.429924828876913e-11,2.982965398405228
249.6,0.0,3.8015049444337845,-0.007439163965688638,450.46764727543365,5.76200012707067e-11,2.982689173908617
249.7,0.0,3.800760647809141,-0.007446768527145588,450.6238193744426,8.488107714071848e-11,2.982412884532237
249.8,0.0,3.800015591663231,-0.007454354391096184,450.7799104722134,6.629397995661954e-11,2.982136530464464
249.9,0.0,3.7992697778652675,-0.007461921568150125,450.935920513655,8.828871162446995e-11,2.9818601118937424
250.0,0.0,3.7985232082834144,-0.007469470068941994,451.0918494437464,5.2043872115477026e-11,2.981583629008576
